6979,1.0,0.0,0.6666666666666665,0.6470588235294118,0.6355932203389831,1.0802680506962121,1.0751309066699692,-0.36728927026304103,2.0,0.6585046979367092,1.0,0
5963,0.0,1.0,0.0,0.23529411764705876,0.22033898305084743,1.0802680506962121,1.0751309066699692,-0.36728927026304103,2.0,-0.08176511408045875,1.0,0
6316,1.0,0.0,1.0,0.8823529411764705,0.8728813559322035,1.0802680506962121,1.0751309066699692,-0.36728927026304103,2.0,-0.12124617072137438,1.0,0
4823,1.0,0.0,0.33333333333333326,0.3529411764705882,0.35593220338983056,-0.6707585407480239,-1.8221914897422595,3.0962711615379725,0.0,-0.9108673035396868,0.0,1
6704,1.0,0.0,0.6666666666666665,0.6470588235294118,0.6610169491525424,-0.2786336798472002,-0.30113120964977913,-0.36728927026304103,1.0,-0.6048891145725908,1.0,0
6144,1.0,0.0,0.0,0.0,0.016949152542372947,-0.6707585407480239,-0.5905731876060354,2.3913600842748473,0.0,-0.9207375676999158,0.0,1
18275,0.0,0.0,1.0,0.8823529411764705,0.8728813559322035,1.0802680506962121,1.0751309066699692,-0.36728927026304103,2.0,-0.3383919822464103,2.0,0
11467,0.0,1.0,0.6666666666666665,0.6470588235294118,0.6355932203389831,-0.2786336798472002,-0.30113120964977913,-0.36728927026304103,2.0,0.885520773621974,1.0,0
9663,0.0,1.0,0.6666666666666665,0.5882352941176471,0.5847457627118644,-0.2786336798472002,-0.30113120964977913,-0.36728927026304103,2.0,0.7473370753787694,1.0,0
12898,0.0,1.0,0.6666666666666665,0.7647058823529412,0.7372881355932204,1.0802680506962121,1.0751309066699692,-0.36728927026304103,2.0,1.0533152643458654,1.0,0
4423,1.0,0.0,1.0,0.823529411764706,0.847457627118644,-0.6707585407480239,-1.8221914897422595,3.0962711615379725,0.0,-0.9108673035396868,0.0,1
4148,1.0,0.0,0.0,0.17647058823529405,0.1694915254237288,-0.2786336798472002,-0.30113120964977913,-0.36728925843770066,0.0,-0.9404780960203736,0.0,1
16289,0.0,1.0,0.6666666666666665,0.7647058823529412,0.7372881355932204,1.0802680506962121,1.0751309066699692,-0.36728927026304103,2.0,0.05641858416274593,1.0,0
6216,0.0,0.0,1.0,0.8823529411764705,0.8983050847457628,1.0802680506962121,1.0751309066699692,-0.36728927026304103,1.0,-0.8713862468987712,0.0,1
10262,0.0,1.0,1.0,0.823529411764706,0.7966101694915255,1.0802680506962121,1.0751309066699692,-0.36728927026304103,2.0,1.1914989625890702,1.0,0
2754,1.0,0.0,0.33333333333333326,0.2941176470588235,0.2627118644067796,-1.8304478582758112,-0.5905731876060354,-0.36728927026304103,0.0,-1.0687915301033493,0.0,1
7198,0.0,0.0,0.6666666666666665,0.7647058823529412,0.7372881355932204,1.0802680506962121,1.0751309066699692,-0.36728927026304103,1.0,-0.47657568048961496,1.0,0
5911,0.0,0.0,0.33333333333333326,0.3529411764705882,0.35593220338983056,-0.6707585407480239,-1.8221914897422595,2.3913600842748473,0.0,-0.9207375676999158,0.0,1
3625,0.0,0.0,1.0,0.9411764705882352,0.9491525423728813,-0.6707585407480239,-1.8221914897422595,3.0962711615379725,0.0,-0.9108673035396868,0.0,1
13377,0.0,0.0,0.6666666666666665,0.7647058823529412,0.7372881355932204,1.0802680506962121,1.0751309066699692,-0.36728927026304103,2.0,0.23408333904686623,1.0,0
7198,0.0,0.0,0.6666666666666665,0.7647058823529412,0.7372881355932204,1.0802680506962121,1.0751309066699692,-0.36728927026304103,2.0,-0.3581325105668681,1.0,0
7229,0.0,1.0,0.6666666666666665,0.7647058823529412,0.7372881355932204,-0.6707585407480239,-1.8221914897422595,-0.3641176152465552,1.0,-0.891126775219229,0.0,1
3419,1.0,0.0,0.33333333333333326,0.2941176470588235,0.2796610169491526,-0.6707585407480239,-1.8221914897422595,2.3913600842748473,0.0,-0.9207375676999158,0.0,1
4282,0.0,0.0,1.0,0.9411764705882352,0.9491525423728813,-0.6707585407480239,-1.8221914897422595,3.0962711615379725,0.0,-0.9108673035396868,0.0,1
6587,0.0,0.0,1.0,0.9999999999999999,1.0,1.0802680506962121,1.0751309066699692,-0.36728927026304103,2.0,1.7837148122028044,1.0,0
3100,0.0,0.0,0.6666666666666665,0.6470588235294118,0.6355932203389831,-1.8304478582758112,-0.5905731876060354,-0.36728927026304103,0.0,-1.098402322584036,0.0,1
4959,0.0,0.0,1.0,0.8823529411764705,0.8728813559322035,1.0802680506962121,1.0751309066699692,-0.36728927026304103,2.0,-0.1804677556827478,1.0,0
3943,1.0,0.0,1.0,0.823529411764706,0.7966101694915255,-0.6707585407480239,-1.8221914897422595,3.0962711615379725,0.0,-0.9108673035396868,0.0,1
2754,1.0,0.0,0.6666666666666665,0.5882352941176471,0.5593220338983051,-1.8304478582758112,-0.5905731876060354,-0.36728927026304103,0.0,-1.0687915301033493,0.0,1
4937,0.0,0.0,0.33333333333333326,0.3529411764705882,0.35593220338983056,-0.6707585407480239,-1.8221914897422595,3.0962711615379725,0.0,-0.9108673035396868,0.0,1
6144,1.0,0.0,0.0,0.17647058823529405,0.19491525423728817,-0.6707585407480239,-0.5905731876060354,2.3913600842748473,0.0,-0.900997039379458,0.0,1
7664,0.0,0.0,0.0,0.11764705882352944,0.11864406779661019,-0.6707585407480239,-0.5905731876060354,-0.36728927026304103,2.0,2.336449605175623,2.0,0
2228,0.0,1.0,0.0,0.17647058823529405,0.1694915254237288,-1.8304478582758112,-0.5905731876060354,-0.36728927026304103,0.0,-1.0687915301033493,0.0,1
12284,0.0,1.0,0.0,0.17647058823529405,0.14406779661016955,-0.6707585407480239,-0.5905731876060354,-0.36728927026304103,2.0,-0.16072722736229,1.0,0
7530,0.0,0.0,1.0,0.823529411764706,0.7966101694915255,1.0802680506962121,1.0751309066699692,-0.36728927026304103,2.0,0.25382386736732404,1.0,0
5277,1.0,0.0,0.0,0.0,0.016949152542372947,-1.8304478582758112,-0.5905731876060354,-0.36728927026304103,0.0,-0.9700888885010602,0.0,1
16023,0.0,0.0,0.0,0.05882352941176472,0.06779661016949157,1.0802680506962121,1.0751309066699692,-0.36728927026304103,2.0,0.29330492400823965,1.0,0
7933,0.0,0.0,1.0,0.823529411764706,0.8220338983050848,1.0802680506962121,1.0751309066699692,-0.36728927026304103,2.0,0.05641858416274593,1.0,0
7064,0.0,1.0,0.33333333333333326,0.2941176470588235,0.2627118644067796,-0.2786336798472002,-0.30113120964977913,-0.36728927026304103,2.0,0.1946022824059506,1.0,0
12592,0.0,0.0,0.6666666666666665,0.5882352941176471,0.5847457627118644,-0.2786336798472002,-0.30113120964977913,-0.36728927026304103,2.0,2.1094335294903583,2.0,0
10203,0.0,0.0,0.6666666666666665,0.5294117647058824,0.5169491525423728,-0.2786336798472002,-0.30113120964977913,-0.36728927026304103,2.0,0.32291571648892636,1.0,0
12927,0.0,0.0,1.0,0.7647058823529412,0.7796610169491525,1.0802680506962121,1.0751309066699692,-0.36728927026304103,2.0,0.1946022824059506,1.0,0
4544,0.0,1.0,0.33333333333333326,0.47058823529411764,0.4576271186440678,-0.6707585407480239,-1.8221914897422595,2.3913600842748473,0.0,-0.900997039379458,0.0,1
16736,0.0,1.0,0.0,0.05882352941176472,0.0423728813559322,-0.6707585407480239,-0.5905731876060354,-0.36728927026304103,2.0,0.1946022824059506,1.0,0
12537,0.0,0.0,0.0,0.23529411764705876,0.22033898305084743,1.0802680506962121,1.0751309066699692,-0.36728927026304103,2.0,0.06628884832297484,1.0,0
10844,0.0,1.0,0.6666666666666665,0.7058823529411765,0.6864406779661016,-0.2786336798472002,-0.30113120964977913,-0.36728927026304103,2.0,1.0237044718651787,1.0,0
4030,0.0,1.0,0.6666666666666665,0.7058823529411765,0.6864406779661016,-0.6707585407480239,-1.8221914897422595,-0.3641176152465552,1.0,-0.891126775219229,0.0,1
9187,0.0,0.0,0.6666666666666665,0.6470588235294118,0.6610169491525424,-0.2786336798472002,-0.30113120964977913,-0.36728927026304103,2.0,0.5894128488151068,1.0,0
19225,0.0,1.0,0.0,0.05882352941176472,0.0423728813559322,-0.6707585407480239,-0.5905731876060354,-0.36728927026304103,2.0,-0.38774330304755483,1.0,0
10844,0.0,1.0,0.6666666666666665,0.5294117647058824,0.5169491525423728,-0.2786336798472002,-0.30113120964977913,-0.36728927026304103,2.0,-0.23968934064412123,1.0,0
6297,1.0,0.0,0.0,0.11764705882352944,0.09322033898305082,-1.8304478582758112,-0.5905731876060354,-0.36728927026304103,0.0,-0.9799591526612892,0.0,1
13376,0.0,1.0,1.0,0.8823529411764705,0.8728813559322035,1.0802680506962121,1.0751309066699692,-0.36728927026304103,2.0,0.39200756561052874,2.0,0
10262,0.0,1.0,1.0,0.8823529411764705,0.8728813559322035,1.0802680506962121,1.0751309066699692,-0.36728927026304103,2.0,1.309942132511817,1.0,0
9345,0.0,0.0,1.0,0.823529411764706,0.8220338983050848,-0.2786336798472002,-0.30113120964977913,-0.36728927026304103,2.0,1.9613795670869247,1.0,0
8452,0.0,0.0,0.6666666666666665,0.6470588235294118,0.6355932203389831,-0.2786336798472002,-0.30113120964977913,-0.36728927026304103,2.0,2.020601152048298,1.0,0
8032,0.0,0.0,0.0,0.11764705882352944,0.11864406779661019,-0.6707585407480239,-0.5905731876060354,-0.36728927026304103,2.0,1.73436349140166,1.0,0
14594,0.0,0.0,0.0,0.05882352941176472,0.0423728813559322,-0.6707585407480239,-0.5905731876060354,-0.36728927026304103,2.0,1.2507205475504435,1.0,0
9314,0.0,1.0,0.33333333333333326,0.2941176470588235,0.2627118644067796,-0.2786336798472002,-0.30113120964977913,-0.36728927026304103,2.0,-0.24955960480435013,1.0,0
15129,0.0,1.0,0.6666666666666665,0.6470588235294118,0.6610169491525424,1.0802680506962121,1.0751309066699692,-0.36728927026304103,2.0,1.9416390387664668,2.0,0
13547,0.0,0.0,0.6666666666666665,0.5882352941176471,0.5847457627118644,1.0802680506962121,1.0751309066699692,-0.36728927026304103,2.0,1.6652716422800575,2.0,0
10368,0.0,1.0,1.0,0.7647058823529412,0.7796610169491525,1.0802680506962121,1.0751309066699692,-0.36728927026304103,2.0,0.776947867859456,2.0,0
5830,0.0,0.0,0.33333333333333326,0.4117647058823529,0.3813559322033898,1.0802680506962121,1.0751309066699692,-0.36728927026304103,1.0,-0.7134620203351087,1.0,0
7485,0.0,0.0,0.6666666666666665,0.7058823529411765,0.6864406779661016,1.0802680506962121,1.0751309066699692,-0.36728927026304103,2.0,0.016937527521830305,1.0,0
9483,0.0,1.0,0.33333333333333326,0.3529411764705882,0.3305084745762712,1.0802680506962121,1.0751309066699692,-0.36728927026304103,2.0,1.4974771515561662,2.0,0
6686,0.0,0.0,1.0,0.823529411764706,0.8220338983050848,-0.2786336798472002,-0.30113120964977913,-0.36728927026304103,2.0,-0.26930013312480794,1.0,0
2071,0.0,1.0,0.0,0.17647058823529405,0.14406779661016955,-1.8304478582758112,-0.5905731876060354,-0.36728927026304103,0.0,-1.0687915301033493,0.0,1
13033,0.0,0.0,1.0,0.823529411764706,0.847457627118644,-0.2786336798472002,-0.30113120964977913,-0.36728927026304103,2.0,0.9250018302628896,2.0,0
14151,0.0,1.0,0.6666666666666665,0.7058823529411765,0.6864406779661016,-0.2786336798472002,-0.30113120964977913,-0.36728927026304103,2.0,1.714622963081202,1.0,0
8991,0.0,0.0,1.0,0.8823529411764705,0.8728813559322035,1.0802680506962121,1.0751309066699692,-0.36728927026304103,2.0,0.48083994305258887,1.0,0
6223,1.0,0.0,0.0,0.23529411764705876,0.22033898305084743,1.0802680506962121,1.0751309066699692,-0.36728927026304103,2.0,0.6979857545776248,2.0,0
10091,0.0,0.0,0.0,0.17647058823529405,0.19491525423728817,-0.2786336798472002,-0.30113120964977913,-0.36728927026304103,2.0,-0.1508569632020611,1.0,0
10262,0.0,1.0,1.0,0.9999999999999999,0.9745762711864407,1.0802680506962121,1.0751309066699692,-0.36728927026304103,2.0,0.7572073395389982,1.0,0
5192,0.0,0.0,0.6666666666666665,0.5294117647058824,0.5169491525423728,-0.2786336798472002,-0.30113120964977913,-0.36728927026304103,2.0,0.1748617540854928,1.0,0
7923,0.0,0.0,0.0,0.05882352941176472,0.06779661016949157,-0.6707585407480239,-0.5905731876060354,-0.3641176152465552,0.0,-0.9306078318601446,0.0,1
7664,0.0,0.0,0.0,0.17647058823529405,0.1694915254237288,-0.6707585407480239,-0.5905731876060354,-0.36728927026304103,2.0,-0.0028030007986275056,2.0,0
11600,1.0,0.0,0.0,0.0,0.016949152542372947,1.0802680506962121,1.0751309066699692,-0.36728927026304103,2.0,0.6091533771355646,1.0,0
17073,0.0,0.0,0.0,0.0,0.016949152542372947,1.0802680506962121,1.0751309066699692,-0.36728927026304103,2.0,-0.22981907648389233,1.0,0
12373,0.0,1.0,0.6666666666666665,0.6470588235294118,0.6610169491525424,1.0802680506962121,1.0751309066699692,-0.36728927026304103,2.0,0.16499148992526388,1.0,0
8781,0.0,1.0,0.6666666666666665,0.7058823529411765,0.7118644067796611,-0.2786336798472002,-0.30113120964977913,-0.36728927026304103,2.0,-0.38774330304755483,1.0,0
14781,0.0,1.0,0.6666666666666665,0.6470588235294118,0.6610169491525424,-0.2786336798472002,-0.30113120964977913,-0.36728927026304103,2.0,0.0070672633616014,1.0,0
4823,1.0,0.0,0.6666666666666665,0.5882352941176471,0.6101694915254237,-0.6707585407480239,-1.8221914897422595,2.3913600842748473,0.0,-0.900997039379458,0.0,1
5228,0.0,0.0,0.33333333333333326,0.4117647058823529,0.43220338983050854,-0.6707585407480239,-1.8221914897422595,2.3913600842748473,0.0,-0.9207375676999158,0.0,1
5678,0.0,1.0,1.0,0.9999999999999999,1.0,-1.8304478582758112,-0.5905731876060354,-0.36728927026304103,0.0,-1.078661794263578,0.0,1
3943,1.0,0.0,1.0,0.8823529411764705,0.8983050847457628,-0.6707585407480239,-1.8221914897422595,3.0962711615379725,0.0,-0.9108673035396868,0.0,1
13727,0.0,0.0,0.6666666666666665,0.6470588235294118,0.6610169491525424,1.0802680506962121,1.0751309066699692,-0.36728927026304103,2.0,-0.41735409552824154,1.0,0
6442,1.0,0.0,1.0,0.8823529411764705,0.8983050847457628,1.0802680506962121,1.0751309066699692,-0.36728927026304103,2.0,0.5203209996935045,1.0,0
11982,0.0,0.0,0.6666666666666665,0.5294117647058824,0.5169491525423728,-1.8304478582758112,-0.5905731876060354,-0.36728927026304103,0.0,-0.9700888885010602,0.0,1
5769,0.0,1.0,1.0,0.9999999999999999,0.9745762711864407,-0.6707585407480239,-1.8221914897422595,-0.3641176152465552,1.0,-0.891126775219229,0.0,1
24528,0.0,0.0,0.0,0.0,0.016949152542372947,1.0802680506962121,1.0751309066699692,-0.36728927026304103,2.0,-0.3285217180861814,2.0,0
11789,0.0,0.0,1.0,0.8823529411764705,0.8983050847457628,1.0802680506962121,1.0751309066699692,-0.36728927026304103,2.0,-0.03241379327931422,1.0,0
5406,0.0,1.0,0.0,0.23529411764705876,0.22033898305084743,1.0802680506962121,1.0751309066699692,-0.36728927026304103,2.0,1.8626769254846356,1.0,0
11789,0.0,0.0,1.0,0.8823529411764705,0.8728813559322035,1.0802680506962121,1.0751309066699692,-0.36728927026304103,2.0,-0.37787303888732593,1.0,0
4460,0.0,0.0,0.33333333333333326,0.2941176470588235,0.30508474576271194,-0.2786336798472002,-0.30113120964977913,-0.36728925843770066,0.0,-0.9404780960203736,0.0,1
54826,0.0,1.0,0.0,0.17647058823529405,0.14406779661016955,-0.6707585407480239,-0.5905731876060354,-0.36728927026304103,1.0,-0.5061864729703017,1.0,0
8586,0.0,1.0,0.6666666666666665,0.5882352941176471,0.6101694915254237,-0.2786336798472002,-0.30113120964977913,-0.36728927026304103,2.0,1.3790339816334194,1.0,0
15385,0.0,0.0,0.0,0.0,0.0,-1.8304478582758112,-0.5905731876060354,-0.36728927026304103,0.0,-1.098402322584036,0.0,1
10368,0.0,1.0,1.0,0.823529411764706,0.8220338983050848,1.0802680506962121,1.0751309066699692,-0.36728927026304103,2.0,-0.1409866990418322,2.0,0
7934,0.0,0.0,0.0,0.17647058823529405,0.1694915254237288,1.0802680506962121,1.0751309066699692,-0.36728927026304103,2.0,0.20447254656617952,1.0,0
4804,1.0,0.0,0.33333333333333326,0.47058823529411764,0.4576271186440678,-0.2786336798472002,-0.30113120964977913,-0.36728925843770066,0.0,-0.9404780960203736,0.0,1
9663,0.0,1.0,0.6666666666666665,0.5882352941176471,0.5593220338983051,-0.2786336798472002,-0.30113120964977913,-0.36728927026304103,2.0,1.0335747360254075,1.0,0
6751,0.0,0.0,0.6666666666666665,0.5882352941176471,0.5847457627118644,1.0802680506962121,1.0751309066699692,-0.36728927026304103,1.0,-0.5950188504123618,1.0,0
14571,0.0,1.0,1.0,0.823529411764706,0.847457627118644,-0.2786336798472002,-0.30113120964977913,-0.36728927026304103,1.0,-0.5259270012907595,1.0,0
7695,0.0,0.0,0.0,0.17647058823529405,0.1694915254237288,1.0802680506962121,1.0751309066699692,-0.36728927026304103,2.0,0.5598020563344202,1.0,0
2647,0.0,0.0,0.0,0.11764705882352944,0.11864406779661019,-1.8304478582758112,-0.5905731876060354,-0.36728927026304103,0.0,-1.078661794263578,0.0,1
11077,0.0,0.0,0.0,0.05882352941176472,0.06779661016949157,-0.6707585407480239,-0.5905731876060354,-0.36728927026304103,2.0,1.3790339816334194,1.0,0
4259,1.0,0.0,0.0,0.05882352941176472,0.06779661016949157,-0.6707585407480239,-0.5905731876060354,-0.36728927026304103,1.0,-0.6641106995339642,1.0,0
14231,0.0,1.0,0.0,0.17647058823529405,0.19491525423728817,-0.2786336798472002,-0.30113120964977913,-0.36728927026304103,2.0,1.290201604191359,1.0,0
6987,0.0,0.0,0.0,0.17647058823529405,0.1694915254237288,-0.6707585407480239,-0.5905731876060354,-0.36728927026304103,2.0,0.6979857545776248,1.0,0
13941,0.0,1.0,0.6666666666666665,0.5882352941176471,0.6101694915254237,-0.2786336798472002,-0.30113120964977913,-0.36728927026304103,2.0,0.33278598064915527,1.0,0
6117,0.0,0.0,1.0,0.8823529411764705,0.8728813559322035,-0.2786336798472002,-0.30113120964977913,-0.36728927026304103,2.0,1.82319586884372,2.0,0
3175,1.0,0.0,1.0,0.8823529411764705,0.8983050847457628,-1.8304478582758112,-0.5905731876060354,-0.36728927026304103,0.0,-1.0687915301033493,0.0,1
4823,1.0,0.0,0.33333333333333326,0.47058823529411764,0.48305084745762716,-0.6707585407480239,-1.8221914897422595,-0.3641176152465552,1.0,-0.891126775219229,0.0,1
5192,1.0,0.0,0.6666666666666665,0.7058823529411765,0.7118644067796611,-0.2786336798472002,-0.30113120964977913,-0.36728927026304103,1.0,-0.6739809636941931,1.0,0
10262,0.0,1.0,1.0,0.9999999999999999,1.0,1.0802680506962121,1.0751309066699692,-0.36728927026304103,2.0,1.7738445480425755,1.0,0
13029,0.0,1.0,0.6666666666666665,0.7058823529411765,0.6864406779661016,1.0802680506962121,1.0751309066699692,-0.36728927026304103,2.0,0.776947867859456,2.0,0
10197,0.0,0.0,0.6666666666666665,0.7647058823529412,0.7372881355932204,1.0802680506962121,1.0751309066699692,-0.36728927026304103,2.0,-0.21007854816343452,1.0,0
5930,1.0,0.0,1.0,0.8823529411764705,0.8728813559322035,-0.2786336798472002,-0.30113120964977913,-0.36728927026304103,1.0,-0.6246296428930486,1.0,0
6224,0.0,1.0,1.0,0.8823529411764705,0.8728813559322035,-0.2786336798472002,-0.30113120964977913,-0.36728927026304103,2.0,0.1946022824059506,1.0,0
7832,0.0,1.0,0.0,0.17647058823529405,0.1694915254237288,-0.6707585407480239,-0.5905731876060354,-0.36728927026304103,2.0,0.9447423585833474,1.0,0
10368,0.0,1.0,1.0,0.9999999999999999,0.9745762711864407,1.0802680506962121,1.0751309066699692,-0.36728927026304103,2.0,0.776947867859456,2.0,0
6961,0.0,0.0,0.6666666666666665,0.6470588235294118,0.6355932203389831,-0.6707585407480239,-1.8221914897422595,2.3913600842748473,0.0,-0.9207375676999158,0.0,1
7480,0.0,0.0,1.0,0.9999999999999999,0.9745762711864407,1.0802680506962121,1.0751309066699692,-0.36728927026304103,2.0,1.2309800192299858,1.0,0
2754,1.0,0.0,0.0,0.11764705882352944,0.11864406779661019,-1.8304478582758112,-0.5905731876060354,-0.36728927026304103,0.0,-1.0687915301033493,0.0,1
8040,0.0,1.0,1.0,0.9411764705882352,0.923728813559322,-1.8304478582758112,-0.5905731876060354,-0.36728927026304103,0.0,-1.0687915301033493,0.0,1
9187,0.0,0.0,0.6666666666666665,0.7058823529411765,0.6864406779661016,-0.2786336798472002,-0.30113120964977913,-0.36728927026304103,2.0,0.8559099811412872,1.0,0
6643,0.0,0.0,0.6666666666666665,0.7058823529411765,0.7118644067796611,-0.2786336798472002,-0.30113120964977913,-0.36728927026304103,2.0,-0.21994881232366342,1.0,0
10939,0.0,0.0,1.0,0.823529411764706,0.8220338983050848,1.0802680506962121,1.0751309066699692,-0.36728927026304103,2.0,1.1421476417879255,2.0,0
14781,0.0,1.0,0.6666666666666665,0.7058823529411765,0.6864406779661016,-0.2786336798472002,-0.30113120964977913,-0.36728927026304103,2.0,0.14525096160480608,1.0,0
12373,0.0,1.0,0.6666666666666665,0.5882352941176471,0.5847457627118644,1.0802680506962121,1.0751309066699692,-0.36728927026304103,2.0,-0.3581325105668681,1.0,0
6093,1.0,0.0,1.0,0.823529411764706,0.8220338983050848,1.0802680506962121,1.0751309066699692,-0.36728927026304103,2.0,0.45122915057190216,1.0,0
5883,1.0,0.0,1.0,0.8823529411764705,0.8983050847457628,1.0802680506962121,1.0751309066699692,-0.36728927026304103,2.0,0.42161835809121545,1.0,0
10703,0.0,1.0,0.6666666666666665,0.5882352941176471,0.6101694915254237,-0.2786336798472002,-0.30113120964977913,-0.36728927026304103,2.0,1.6751419064402864,1.0,0
8625,0.0,0.0,0.6666666666666665,0.7647058823529412,0.7372881355932204,1.0802680506962121,1.0751309066699692,-0.36728927026304103,2.0,-0.21994881232366342,1.0,0
4282,0.0,0.0,0.6666666666666665,0.5294117647058824,0.5169491525423728,-0.6707585407480239,-1.8221914897422595,3.0962711615379725,0.0,-0.9108673035396868,0.0,1
4937,0.0,0.0,0.0,0.0,0.016949152542372947,-1.8304478582758112,-0.5905731876060354,-0.36728927026304103,0.0,-1.0885320584238072,0.0,1
2754,1.0,0.0,0.6666666666666665,0.5294117647058824,0.5169491525423728,-1.8304478582758112,-0.5905731876060354,-0.36728927026304103,0.0,-1.0687915301033493,0.0,1
3383,0.0,0.0,0.6666666666666665,0.7647058823529412,0.7372881355932204,-0.6707585407480239,-1.8221914897422595,3.0962711615379725,0.0,-0.9108673035396868,0.0,1
13067,0.0,1.0,0.6666666666666665,0.6470588235294118,0.6610169491525424,-0.2786336798472002,-0.30113120964977913,-0.36728927026304103,2.0,-0.11137590656114547,1.0,0
5403,0.0,0.0,0.33333333333333326,0.4117647058823529,0.43220338983050854,-0.6707585407480239,-1.8221914897422595,3.0962711615379725,0.0,-0.9108673035396868,0.0,1
5704,0.0,0.0,0.0,0.17647058823529405,0.1694915254237288,1.0802680506962121,1.0751309066699692,-0.36728927026304103,2.0,0.32291571648892636,1.0,0
14960,0.0,0.0,0.6666666666666665,0.6470588235294118,0.6355932203389831,-0.2786336798472002,-0.30113120964977913,-0.36728927026304103,2.0,1.092796320986781,2.0,0
3419,0.0,0.0,0.6666666666666665,0.7647058823529412,0.7372881355932204,-0.6707585407480239,-1.8221914897422595,2.3913600842748473,0.0,-0.900997039379458,0.0,1
12358,0.0,0.0,0.0,0.0,0.016949152542372947,-0.6707585407480239,-0.5905731876060354,-0.36728927026304103,2.0,1.4283853024345639,3.0,0
8714,0.0,0.0,0.0,0.11764705882352944,0.11864406779661019,-0.6707585407480239,-0.5905731876060354,-0.36728927026304103,2.0,-0.43709462384869935,1.0,0
10875,0.0,1.0,0.0,0.0,0.0,-1.8304478582758112,-0.5905731876060354,-0.36728927026304103,0.0,-1.0687915301033493,0.0,1
24210,0.0,1.0,0.0,0.05882352941176472,0.0423728813559322,-1.8304478582758112,-0.5905731876060354,-0.36728927026304103,2.0,1.2408502833902146,2.0,0
13797,0.0,0.0,1.0,0.823529411764706,0.7966101694915255,1.0802680506962121,1.0751309066699692,-0.36728927026304103,2.0,0.29330492400823965,1.0,0
13292,0.0,1.0,1.0,0.7647058823529412,0.7796610169491525,1.0802680506962121,1.0751309066699692,-0.36728927026304103,2.0,1.9515093029266959,2.0,0
4957,0.0,0.0,0.33333333333333326,0.47058823529411764,0.48305084745762716,1.0802680506962121,1.0751309066699692,-0.36728927026304103,1.0,-0.6641106995339642,1.0,0
5613,0.0,0.0,0.33333333333333326,0.2941176470588235,0.30508474576271194,-0.6707585407480239,-1.8221914897422595,2.3913600842748473,0.0,-0.9207375676999158,0.0,1
14714,0.0,1.0,1.0,0.9999999999999999,0.9745762711864407,1.0802680506962121,1.0751309066699692,-0.36728927026304103,1.0,-0.585148586252133,1.0,0
3100,0.0,0.0,0.6666666666666665,0.5882352941176471,0.5847457627118644,-1.8304478582758112,-0.5905731876060354,-0.36728927026304103,0.0,-1.0687915301033493,0.0,1
12681,0.0,1.0,0.33333333333333326,0.2941176470588235,0.2627118644067796,-0.2786336798472002,-0.30113120964977913,-0.36728927026304103,2.0,0.6486344337764802,1.0,0
15029,0.0,1.0,0.0,0.05882352941176472,0.06779661016949157,1.0802680506962121,1.0751309066699692,-0.36728927026304103,1.0,-0.46670541632938606,1.0,0
6818,1.0,0.0,0.6666666666666665,0.5882352941176471,0.5847457627118644,1.0802680506962121,1.0751309066699692,-0.36728927026304103,2.0,-0.40748383136801264,1.0,0
4077,1.0,0.0,0.6666666666666665,0.5294117647058824,0.5169491525423728,-0.6707585407480239,-1.8221914897422595,2.3913600842748473,0.0,-0.9207375676999158,0.0,1
6535,0.0,0.0,0.0,0.0,0.0,-0.2786336798472002,-0.30113120964977913,-0.36728927026304103,0.0,-0.9503483601806024,0.0,1
5117,0.0,0.0,0.33333333333333326,0.2941176470588235,0.2796610169491526,1.0802680506962121,1.0751309066699692,-0.36728927026304103,2.0,1.2309800192299858,1.0,0
14871,1.0,0.0,0.0,0.0,0.016949152542372947,1.0802680506962121,1.0751309066699692,-0.36728927026304103,2.0,0.15512122576503498,1.0,0
6151,0.0,0.0,0.0,0.23529411764705876,0.22033898305084743,1.0802680506962121,1.0751309066699692,-0.36728927026304103,2.0,0.46109941473213106,1.0,0
12242,0.0,1.0,0.0,0.23529411764705876,0.22033898305084743,1.0802680506962121,1.0751309066699692,-0.36728927026304103,2.0,-0.16072722736229,1.0,0
9941,0.0,0.0,0.6666666666666665,0.6470588235294118,0.6355932203389831,-0.2786336798472002,-0.30113120964977913,-0.36728927026304103,2.0,1.1125368493072387,2.0,0
4174,1.0,0.0,0.33333333333333326,0.4117647058823529,0.4067796610169492,-0.2786336798472002,-0.30113120964977913,-0.36728925843770066,0.0,-0.9404780960203736,0.0,1
14502,0.0,0.0,1.0,0.823529411764706,0.7966101694915255,1.0802680506962121,1.0751309066699692,-0.36728927026304103,2.0,-0.1804677556827478,1.0,0
10844,0.0,1.0,0.6666666666666665,0.7058823529411765,0.6864406779661016,-0.2786336798472002,-0.30113120964977913,-0.36728927026304103,2.0,1.7047526989209731,1.0,0
14231,0.0,1.0,0.0,0.17647058823529405,0.19491525423728817,-0.2786336798472002,-0.30113120964977913,-0.36728927026304103,2.0,0.776947867859456,1.0,0
6818,1.0,0.0,1.0,0.823529411764706,0.8220338983050848,1.0802680506962121,1.0751309066699692,-0.36728927026304103,2.0,0.06628884832297484,1.0,0
11446,0.0,0.0,0.6666666666666665,0.7647058823529412,0.7372881355932204,1.0802680506962121,1.0751309066699692,-0.36728927026304103,2.0,-0.1508569632020611,1.0,0
8907,0.0,0.0,1.0,0.9999999999999999,1.0,1.0802680506962121,1.0751309066699692,-0.36728927026304103,2.0,0.32291571648892636,1.0,0
3943,1.0,0.0,1.0,0.7647058823529412,0.7796610169491525,-0.6707585407480239,-1.8221914897422595,2.3913600842748473,0.0,-0.9207375676999158,0.0,1
12760,0.0,0.0,0.0,0.0,0.016949152542372947,1.0802680506962121,1.0751309066699692,-0.36728927026304103,2.0,1.5566987365175395,2.0,0
5403,0.0,0.0,0.33333333333333326,0.3529411764705882,0.3305084745762712,-0.6707585407480239,-1.8221914897422595,3.0962711615379725,0.0,-0.9108673035396868,0.0,1
8586,0.0,1.0,0.6666666666666665,0.6470588235294118,0.6610169491525424,-0.2786336798472002,-0.30113120964977913,-0.36728927026304103,2.0,-0.3581325105668681,1.0,0
10262,0.0,1.0,1.0,0.823529411764706,0.847457627118644,1.0802680506962121,1.0751309066699692,-0.36728927026304103,1.0,-0.46670541632938606,1.0,0
10844,0.0,1.0,0.6666666666666665,0.6470588235294118,0.6610169491525424,-0.2786336798472002,-0.30113120964977913,-0.36728927026304103,2.0,2.020601152048298,1.0,0
9794,0.0,0.0,0.6666666666666665,0.5882352941176471,0.5847457627118644,1.0802680506962121,1.0751309066699692,-0.36728927026304103,2.0,-0.03241379327931422,1.0,0
7229,0.0,1.0,0.33333333333333326,0.2941176470588235,0.30508474576271194,-0.6707585407480239,-1.8221914897422595,-0.3641176152465552,1.0,-0.891126775219229,0.0,1
7318,1.0,0.0,0.6666666666666665,0.7058823529411765,0.6864406779661016,1.0802680506962121,1.0751309066699692,-0.36728927026304103,2.0,0.678245226257167,1.0,0
8016,0.0,1.0,1.0,0.8823529411764705,0.8728813559322035,-0.6707585407480239,-1.8221914897422595,-0.36728925843770066,1.0,-0.8812565110590002,0.0,1
13022,0.0,0.0,0.6666666666666665,0.6470588235294118,0.6355932203389831,1.0802680506962121,1.0751309066699692,-0.36728927026304103,2.0,1.833066133003949,2.0,0
4482,0.0,0.0,0.0,0.05882352941176472,0.06779661016949157,-0.6707585407480239,-0.5905731876060354,2.3913600842748473,0.0,-0.9207375676999158,0.0,1
7229,0.0,1.0,0.6666666666666665,0.7058823529411765,0.6864406779661016,-0.6707585407480239,-1.8221914897422595,2.3913600842748473,0.0,-0.900997039379458,0.0,1
8879,0.0,0.0,0.6666666666666665,0.6470588235294118,0.6610169491525424,1.0802680506962121,1.0751309066699692,-0.36728927026304103,2.0,0.08602937664343265,1.0,0
6253,0.0,0.0,1.0,0.8823529411764705,0.8983050847457628,1.0802680506962121,1.0751309066699692,-0.36728927026304103,2.0,0.47096967889235997,1.0,0
8372,0.0,0.0,0.6666666666666665,0.6470588235294118,0.6610169491525424,1.0802680506962121,1.0751309066699692,-0.36728927026304103,2.0,1.3198123966720459,1.0,0
10262,0.0,1.0,1.0,0.9999999999999999,1.0,1.0802680506962121,1.0751309066699692,-0.36728927026304103,1.0,-0.5357972654509884,1.0,0
22270,0.0,1.0,0.0,0.0,0.0,-0.6707585407480239,-0.5905731876060354,-0.36728927026304103,2.0,-0.27917039728503684,1.0,0
4804,1.0,0.0,1.0,0.823529411764706,0.7966101694915255,-0.2786336798472002,-0.30113120964977913,-0.36728927026304103,0.0,-0.9503483601806024,0.0,1
13039,0.0,0.0,0.6666666666666665,0.5882352941176471,0.5847457627118644,1.0802680506962121,1.0751309066699692,-0.36728927026304103,2.0,0.46109941473213106,2.0,0
4823,1.0,0.0,1.0,0.823529411764706,0.847457627118644,-0.6707585407480239,-1.8221914897422595,3.0962711615379725,0.0,-0.9108673035396868,0.0,1
2575,0.0,0.0,0.33333333333333326,0.2941176470588235,0.2796610169491526,-1.8304478582758112,-0.5905731876060354,-0.36728927026304103,0.0,-1.0687915301033493,0.0,1
13817,0.0,1.0,0.0,0.11764705882352944,0.09322033898305082,-0.6707585407480239,-0.5905731876060354,-0.36728927026304103,2.0,0.45122915057190216,1.0,0
13555,0.0,1.0,0.0,0.17647058823529405,0.14406779661016955,-0.6707585407480239,-0.5905731876060354,-0.36728927026304103,2.0,0.569672320494649,1.0,0
3717,1.0,0.0,0.6666666666666665,0.6470588235294118,0.6610169491525424,-0.2786336798472002,-0.30113120964977913,-0.36728927026304103,1.0,-0.7233322844953376,1.0,0
10454,0.0,0.0,1.0,0.8823529411764705,0.8983050847457628,1.0802680506962121,1.0751309066699692,-0.36728927026304103,2.0,-0.03241379327931422,1.0,0
5567,0.0,0.0,0.0,0.17647058823529405,0.19491525423728817,-0.2786336798472002,-0.30113120964977913,-0.36728927026304103,2.0,0.6585046979367092,1.0,0
6117,0.0,0.0,1.0,0.823529411764706,0.8220338983050848,-0.2786336798472002,-0.30113120964977913,-0.36728927026304103,2.0,0.6585046979367092,1.0,0
13502,0.0,1.0,0.0,0.0,0.016949152542372947,-0.6707585407480239,-0.5905731876060354,-0.36728927026304103,2.0,0.30317518816846856,1.0,0
6681,0.0,0.0,0.0,0.23529411764705876,0.22033898305084743,1.0802680506962121,1.0751309066699692,-0.36728927026304103,2.0,0.9743531510640342,1.0,0
13081,0.0,0.0,0.0,0.0,0.0,-0.6707585407480239,-0.5905731876060354,-0.36728927026304103,2.0,1.9515093029266959,3.0,0
2017,0.0,0.0,0.6666666666666665,0.7058823529411765,0.7118644067796611,-1.8304478582758112,-0.5905731876060354,-0.36728927026304103,0.0,-1.0687915301033493,0.0,1
10188,0.0,0.0,0.6666666666666665,0.5882352941176471,0.5847457627118644,1.0802680506962121,1.0751309066699692,-0.36728927026304103,1.0,-0.6344999070532774,1.0,0
10141,1.0,0.0,0.0,0.23529411764705876,0.22033898305084743,1.0802680506962121,1.0751309066699692,-0.36728927026304103,1.0,-0.49631620881007277,1.0,0
14151,0.0,1.0,0.6666666666666665,0.5882352941176471,0.6101694915254237,-0.2786336798472002,-0.30113120964977913,-0.36728927026304103,2.0,0.11564016912411937,1.0,0
7662,0.0,0.0,1.0,0.823529411764706,0.847457627118644,-0.2786336798472002,-0.30113120964977913,-0.36728927026304103,2.0,2.1094335294903583,1.0,0
8055,0.0,0.0,0.0,0.23529411764705876,0.22033898305084743,1.0802680506962121,1.0751309066699692,-0.36728927026304103,2.0,0.5301912638537334,1.0,0
4238,1.0,0.0,0.0,0.17647058823529405,0.19491525423728817,-0.6707585407480239,-0.5905731876060354,2.3913600842748473,0.0,-0.9207375676999158,0.0,1
8614,0.0,0.0,1.0,0.8823529411764705,0.8983050847457628,1.0802680506962121,1.0751309066699692,-0.36728927026304103,2.0,-0.3186514539259525,1.0,0
13817,0.0,1.0,0.0,0.11764705882352944,0.09322033898305082,-0.6707585407480239,-0.5905731876060354,-0.36728927026304103,2.0,0.23408333904686623,1.0,0
7303,1.0,0.0,0.0,0.17647058823529405,0.19491525423728817,-0.6707585407480239,-0.5905731876060354,2.3913600842748473,0.0,-0.900997039379458,0.0,1
13731,0.0,1.0,0.6666666666666665,0.7058823529411765,0.7118644067796611,-0.2786336798472002,-0.30113120964977913,-0.36728927026304103,2.0,0.48083994305258887,1.0,0
3543,0.0,0.0,0.6666666666666665,0.5294117647058824,0.5169491525423728,-1.8304478582758112,-0.5905731876060354,-0.36728927026304103,0.0,-0.9799591526612892,0.0,1
4050,0.0,1.0,1.0,0.8823529411764705,0.8983050847457628,-1.8304478582758112,-0.5905731876060354,-0.36728927026304103,0.0,-1.0687915301033493,0.0,1
10276,0.0,0.0,0.0,0.05882352941176472,0.0423728813559322,1.0802680506962121,1.0751309066699692,-0.36728927026304103,2.0,0.24395360320709514,1.0,0
3175,1.0,0.0,0.0,0.11764705882352944,0.11864406779661019,-1.8304478582758112,-0.5905731876060354,-0.36728927026304103,0.0,-1.078661794263578,0.0,1
5644,1.0,0.0,1.0,0.823529411764706,0.7966101694915255,-0.2786336798472002,-0.30113120964977913,-0.36728927026304103,0.0,-0.9503483601806024,0.0,1
4649,0.0,0.0,0.6666666666666665,0.7058823529411765,0.6864406779661016,-0.2786336798472002,-0.30113120964977913,-0.36728927026304103,1.0,-0.6246296428930486,1.0,0
9316,0.0,0.0,0.6666666666666665,0.7647058823529412,0.7372881355932204,1.0802680506962121,1.0751309066699692,-0.36728927026304103,2.0,-0.3482622464066392,1.0,0
5636,1.0,0.0,1.0,0.8823529411764705,0.8983050847457628,1.0802680506962121,1.0751309066699692,-0.36728927026304103,1.0,-0.6048891145725908,1.0,0
14714,0.0,1.0,1.0,0.823529411764706,0.7966101694915255,1.0802680506962121,1.0751309066699692,-0.36728927026304103,2.0,0.22421307488663733,1.0,0
4804,1.0,0.0,1.0,0.9411764705882352,0.9491525423728813,-0.2786336798472002,-0.30113120964977913,-0.36728925843770066,0.0,-0.9404780960203736,0.0,1
3311,0.0,0.0,0.6666666666666665,0.5882352941176471,0.6101694915254237,-0.6707585407480239,-1.8221914897422595,-0.3641176152465552,0.0,-0.9306078318601446,0.0,1
31825,0.0,1.0,0.0,0.0,0.0,-0.6707585407480239,-0.5905731876060354,-0.36728927026304103,2.0,0.12551043328434827,1.0,0
5054,1.0,0.0,0.6666666666666665,0.7647058823529412,0.7372881355932204,1.0802680506962121,1.0751309066699692,-0.36728927026304103,1.0,-0.7035917561748798,1.0,0
4483,0.0,0.0,0.33333333333333326,0.47058823529411764,0.48305084745762716,-0.6707585407480239,-1.8221914897422595,2.3913600842748473,0.0,-0.9207375676999158,0.0,1
1965,0.0,0.0,0.6666666666666665,0.5882352941176471,0.5593220338983051,-1.8304478582758112,-0.5905731876060354,-0.36728927026304103,0.0,-1.0687915301033493,0.0,1
3419,0.0,0.0,1.0,0.823529411764706,0.8220338983050848,-0.6707585407480239,-1.8221914897422595,2.3913600842748473,0.0,-0.9207375676999158,0.0,1
11848,0.0,1.0,0.0,0.05882352941176472,0.06779661016949157,1.0802680506962121,1.0751309066699692,-0.36728927026304103,2.0,-0.21994881232366342,1.0,0
14323,0.0,0.0,0.6666666666666665,0.5882352941176471,0.5847457627118644,1.0802680506962121,1.0751309066699692,-0.36728927026304103,2.0,-0.3285217180861814,1.0,0
9314,0.0,1.0,0.6666666666666665,0.5882352941176471,0.5847457627118644,-0.2786336798472002,-0.30113120964977913,-0.36728927026304103,2.0,1.309942132511817,1.0,0
9345,0.0,0.0,0.6666666666666665,0.7058823529411765,0.6864406779661016,-0.2786336798472002,-0.30113120964977913,-0.36728927026304103,2.0,0.13538069744457717,1.0,0
7229,0.0,1.0,0.0,0.17647058823529405,0.19491525423728817,-0.6707585407480239,-0.5905731876060354,2.3913600842748473,0.0,-0.900997039379458,0.0,1
10678,0.0,0.0,1.0,0.8823529411764705,0.8983050847457628,1.0802680506962121,1.0751309066699692,-0.36728927026304103,2.0,-0.3383919822464103,1.0,0
2647,0.0,0.0,1.0,0.823529411764706,0.8220338983050848,-1.8304478582758112,-0.5905731876060354,-0.36728927026304103,0.0,-1.0687915301033493,0.0,1
6216,0.0,0.0,1.0,0.9999999999999999,1.0,1.0802680506962121,1.0751309066699692,-0.36728927026304103,1.0,-0.8713862468987712,0.0,1
6015,1.0,0.0,1.0,0.823529411764706,0.847457627118644,1.0802680506962121,1.0751309066699692,-0.36728927026304103,1.0,-0.8615159827385422,0.0,1
12898,0.0,1.0,1.0,0.9999999999999999,1.0,1.0802680506962121,1.0751309066699692,-0.36728927026304103,2.0,-0.3581325105668681,1.0,0
11467,0.0,1.0,0.6666666666666665,0.5294117647058824,0.5169491525423728,-0.2786336798472002,-0.30113120964977913,-0.36728927026304103,2.0,0.7374668112185404,1.0,0
10262,0.0,1.0,1.0,0.7647058823529412,0.7796610169491525,1.0802680506962121,1.0751309066699692,-0.36728927026304103,2.0,0.38213730145029984,1.0,0
13292,0.0,1.0,1.0,0.823529411764706,0.847457627118644,1.0802680506962121,1.0751309066699692,-0.36728927026304103,2.0,1.309942132511817,2.0,0
7229,0.0,1.0,0.33333333333333326,0.47058823529411764,0.48305084745762716,-0.6707585407480239,-1.8221914897422595,2.3913600842748473,0.0,-0.900997039379458,0.0,1
10262,0.0,1.0,1.0,0.823529411764706,0.847457627118644,1.0802680506962121,1.0751309066699692,-0.36728927026304103,1.0,-0.5357972654509884,1.0,0
4823,1.0,0.0,1.0,0.823529411764706,0.7966101694915255,-0.6707585407480239,-1.8221914897422595,2.3913600842748473,0.0,-0.900997039379458,0.0,1
7408,0.0,0.0,1.0,0.8823529411764705,0.8983050847457628,1.0802680506962121,1.0751309066699692,-0.36728927026304103,2.0,0.41174809393098655,1.0,0
6092,0.0,0.0,0.0,0.0,0.0,-1.8304478582758112,-0.5905731876060354,-0.36728927026304103,0.0,-1.078661794263578,0.0,1
10262,0.0,1.0,1.0,0.9999999999999999,0.9745762711864407,1.0802680506962121,1.0751309066699692,-0.36728927026304103,2.0,1.3691637174731903,1.0,0
4423,1.0,0.0,0.33333333333333326,0.47058823529411764,0.48305084745762716,-0.6707585407480239,-1.8221914897422595,3.0962711615379725,0.0,-0.9108673035396868,0.0,1
6144,1.0,0.0,0.0,0.05882352941176472,0.06779661016949157,-0.6707585407480239,-0.5905731876060354,2.3913600842748473,0.0,-0.900997039379458,0.0,1
5228,0.0,0.0,0.33333333333333326,0.4117647058823529,0.3813559322033898,-0.6707585407480239,-1.8221914897422595,3.0962711615379725,0.0,-0.9108673035396868,0.0,1
3100,0.0,0.0,1.0,0.823529411764706,0.847457627118644,-1.8304478582758112,-0.5905731876060354,-0.36728927026304103,0.0,-1.078661794263578,0.0,1
14714,0.0,1.0,1.0,0.9999999999999999,1.0,1.0802680506962121,1.0751309066699692,-0.36728927026304103,1.0,-0.6542404353737353,1.0,0
4591,1.0,0.0,0.33333333333333326,0.4117647058823529,0.43220338983050854,-0.6707585407480239,-1.8221914897422595,3.0962711615379725,0.0,-0.9108673035396868,0.0,1
3841,0.0,0.0,1.0,0.8823529411764705,0.8983050847457628,-0.2786336798472002,-0.30113120964977913,-0.36728927026304103,0.0,-0.9503483601806024,0.0,1
2754,1.0,0.0,0.6666666666666665,0.5882352941176471,0.6101694915254237,-1.8304478582758112,-0.5905731876060354,-0.36728927026304103,0.0,-1.0687915301033493,0.0,1
9718,0.0,0.0,1.0,0.823529411764706,0.7966101694915255,1.0802680506962121,1.0751309066699692,-0.36728927026304103,2.0,0.05641858416274593,1.0,0
3943,1.0,0.0,1.0,0.9999999999999999,0.9745762711864407,-0.6707585407480239,-1.8221914897422595,3.0962711615379725,0.0,-0.9108673035396868,0.0,1
8425,0.0,0.0,0.0,0.05882352941176472,0.06779661016949157,-0.6707585407480239,-0.5905731876060354,-0.36728927026304103,2.0,0.569672320494649,1.0,0
3597,0.0,0.0,0.6666666666666665,0.5294117647058824,0.5338983050847457,-1.8304478582758112,-0.5905731876060354,-0.36728927026304103,0.0,-0.9700888885010602,0.0,1
3815,0.0,0.0,0.0,0.11764705882352944,0.11864406779661019,-0.2786336798472002,-0.30113120964977913,-0.3641176152465552,0.0,-0.9306078318601446,0.0,1
8610,0.0,0.0,0.6666666666666665,0.6470588235294118,0.6355932203389831,-0.2786336798472002,-0.30113120964977913,-0.36728927026304103,2.0,1.5961797931584552,1.0,0
3100,0.0,0.0,0.6666666666666665,0.5294117647058824,0.5169491525423728,-1.8304478582758112,-0.5905731876060354,-0.36728927026304103,0.0,-1.098402322584036,0.0,1
5241,1.0,0.0,0.33333333333333326,0.47058823529411764,0.4576271186440678,1.0802680506962121,1.0751309066699692,-0.36728927026304103,1.0,-0.5654080579316751,1.0,0
4668,0.0,0.0,1.0,0.8823529411764705,0.8728813559322035,-0.6707585407480239,-1.8221914897422595,3.0962711615379725,0.0,-0.9108673035396868,0.0,1
4174,1.0,0.0,0.33333333333333326,0.2941176470588235,0.2627118644067796,-0.2786336798472002,-0.30113120964977913,2.3913600842748473,0.0,-0.9207375676999158,0.0,1
3925,0.0,0.0,0.0,0.17647058823529405,0.19491525423728817,-0.6707585407480239,-0.5905731876060354,3.0962711615379725,0.0,-0.9108673035396868,0.0,1
10844,0.0,1.0,1.0,0.823529411764706,0.8220338983050848,-0.2786336798472002,-0.30113120964977913,-0.36728927026304103,2.0,0.33278598064915527,1.0,0
2227,1.0,0.0,0.33333333333333326,0.2941176470588235,0.2627118644067796,-1.8304478582758112,-0.5905731876060354,-0.36728927026304103,0.0,-1.0589212659431204,0.0,1
10844,0.0,1.0,0.6666666666666665,0.5882352941176471,0.6101694915254237,-0.2786336798472002,-0.30113120964977913,-0.36728927026304103,2.0,1.2507205475504435,1.0,0
8875,0.0,0.0,0.0,0.23529411764705876,0.22033898305084743,1.0802680506962121,1.0751309066699692,-0.36728927026304103,2.0,0.9546126227435764,2.0,0
7514,1.0,0.0,1.0,0.823529411764706,0.7966101694915255,1.0802680506962121,1.0751309066699692,-0.36728927026304103,2.0,0.6091533771355646,1.0,0
5198,0.0,1.0,0.33333333333333326,0.3529411764705882,0.35593220338983056,-0.6707585407480239,-1.8221914897422595,2.3913600842748473,0.0,-0.9207375676999158,0.0,1
7757,0.0,1.0,0.6666666666666665,0.6470588235294118,0.6610169491525424,-0.2786336798472002,-0.30113120964977913,-0.36728927026304103,2.0,0.33278598064915527,1.0,0
3597,0.0,0.0,1.0,0.9411764705882352,0.9491525423728813,-1.8304478582758112,-0.5905731876060354,-0.36728927026304103,0.0,-0.9799591526612892,0.0,1
4804,1.0,0.0,0.33333333333333326,0.47058823529411764,0.48305084745762716,-0.2786336798472002,-0.30113120964977913,-0.36728927026304103,0.0,-0.9503483601806024,0.0,1
6857,0.0,0.0,1.0,0.823529411764706,0.8220338983050848,-0.2786336798472002,-0.30113120964977913,-0.36728927026304103,1.0,-0.8121646619373978,1.0,0
11087,0.0,1.0,0.0,0.11764705882352944,0.09322033898305082,-0.6707585407480239,-0.5905731876060354,-0.36728927026304103,2.0,0.3525265089696131,1.0,0
8529,0.0,1.0,1.0,0.8823529411764705,0.8728813559322035,-0.2786336798472002,-0.30113120964977913,-0.36728927026304103,2.0,1.7935850763630332,1.0,0
14067,0.0,0.0,0.6666666666666665,0.7058823529411765,0.6864406779661016,1.0802680506962121,1.0751309066699692,-0.36728927026304103,2.0,-0.29891092560549465,1.0,0
10944,0.0,0.0,0.6666666666666665,0.6470588235294118,0.6610169491525424,-0.2786336798472002,-0.30113120964977913,-0.36728927026304103,2.0,-0.38774330304755483,1.0,0
4377,0.0,0.0,0.0,0.17647058823529405,0.19491525423728817,-0.6707585407480239,-0.5905731876060354,3.0962711615379725,0.0,-0.9108673035396868,0.0,1
5644,1.0,0.0,1.0,0.823529411764706,0.847457627118644,-0.2786336798472002,-0.30113120964977913,-0.36728927026304103,0.0,-0.9503483601806024,0.0,1
12898,0.0,1.0,0.6666666666666665,0.7058823529411765,0.6864406779661016,1.0802680506962121,1.0751309066699692,-0.36728927026304103,2.0,1.1914989625890702,1.0,0
10844,0.0,1.0,0.6666666666666665,0.7058823529411765,0.6864406779661016,-0.2786336798472002,-0.30113120964977913,-0.36728927026304103,2.0,-0.45683515216915715,1.0,0
5510,0.0,0.0,0.6666666666666665,0.6470588235294118,0.6355932203389831,-0.2786336798472002,-0.30113120964977913,-0.36728927026304103,0.0,-0.9503483601806024,0.0,1
6297,1.0,0.0,0.0,0.11764705882352944,0.11864406779661019,-1.8304478582758112,-0.5905731876060354,-0.36728927026304103,0.0,-0.9700888885010602,0.0,1
12192,0.0,0.0,1.0,0.8823529411764705,0.8728813559322035,1.0802680506962121,1.0751309066699692,-0.36728927026304103,2.0,-0.21007854816343452,1.0,0
11087,0.0,1.0,0.0,0.05882352941176472,0.06779661016949157,-0.6707585407480239,-0.5905731876060354,-0.36728927026304103,2.0,0.22421307488663733,1.0,0
14462,0.0,0.0,0.0,0.0,0.016949152542372947,1.0802680506962121,1.0751309066699692,-0.36728927026304103,2.0,2.030471416208527,1.0,0
2754,1.0,0.0,1.0,0.823529411764706,0.847457627118644,-1.8304478582758112,-0.5905731876060354,-0.36728927026304103,0.0,-1.0687915301033493,0.0,1
14924,0.0,1.0,1.0,0.823529411764706,0.7966101694915255,1.0802680506962121,1.0751309066699692,-0.36728927026304103,2.0,0.05641858416274593,1.0,0
3841,0.0,0.0,0.6666666666666665,0.7058823529411765,0.7118644067796611,-0.2786336798472002,-0.30113120964977913,-0.36728925843770066,0.0,-0.9404780960203736,0.0,1
12898,0.0,1.0,0.6666666666666665,0.7058823529411765,0.6864406779661016,1.0802680506962121,1.0751309066699692,-0.36728927026304103,2.0,1.7738445480425755,1.0,0
16111,0.0,0.0,0.0,0.05882352941176472,0.06779661016949157,1.0802680506962121,1.0751309066699692,-0.36728927026304103,2.0,1.507347415716395,2.0,0
10703,0.0,0.0,1.0,0.8823529411764705,0.8983050847457628,1.0802680506962121,1.0751309066699692,-0.36728927026304103,2.0,2.8521709075475834,3.0,0
3847,0.0,0.0,0.0,0.11764705882352944,0.11864406779661019,-0.2786336798472002,-0.30113120964977913,-0.36728927026304103,0.0,-0.9503483601806024,0.0,1
2017,0.0,0.0,1.0,0.8823529411764705,0.8983050847457628,-1.8304478582758112,-0.5905731876060354,-0.36728927026304103,0.0,-1.0687915301033493,0.0,1
8016,0.0,1.0,1.0,0.823529411764706,0.847457627118644,-0.6707585407480239,-1.8221914897422595,2.3913600842748473,0.0,-0.9207375676999158,0.0,1
4804,1.0,0.0,1.0,0.8823529411764705,0.8728813559322035,-0.2786336798472002,-0.30113120964977913,-0.36728925843770066,0.0,-0.9404780960203736,0.0,1
9646,0.0,0.0,1.0,0.823529411764706,0.7966101694915255,1.0802680506962121,1.0751309066699692,-0.36728927026304103,1.0,-0.48644594464984386,1.0,0
6104,1.0,0.0,0.6666666666666665,0.7647058823529412,0.7372881355932204,1.0802680506962121,1.0751309066699692,-0.36728927026304103,2.0,0.5203209996935045,1.0,0
10877,0.0,0.0,1.0,0.8823529411764705,0.8728813559322035,1.0802680506962121,1.0751309066699692,-0.36728927026304103,2.0,0.11564016912411937,1.0,0
10368,0.0,1.0,1.0,0.7647058823529412,0.7796610169491525,1.0802680506962121,1.0751309066699692,-0.36728927026304103,2.0,0.3525265089696131,2.0,0
6144,0.0,1.0,0.6666666666666665,0.7058823529411765,0.7118644067796611,-0.6707585407480239,-1.8221914897422595,-0.3641176152465552,1.0,-0.891126775219229,0.0,1
12898,0.0,1.0,0.6666666666666665,0.7647058823529412,0.7372881355932204,1.0802680506962121,1.0751309066699692,-0.36728927026304103,2.0,1.7738445480425755,1.0,0
13555,0.0,1.0,0.0,0.17647058823529405,0.14406779661016955,-0.6707585407480239,-0.5905731876060354,-0.36728927026304103,1.0,-0.5259270012907595,1.0,0
1965,0.0,0.0,0.6666666666666665,0.7058823529411765,0.6864406779661016,-1.8304478582758112,-0.5905731876060354,-0.36728927026304103,0.0,-1.0687915301033493,0.0,1
7740,0.0,0.0,1.0,0.823529411764706,0.7966101694915255,1.0802680506962121,1.0751309066699692,-0.36728927026304103,2.0,-0.27917039728503684,1.0,0
4174,1.0,0.0,0.33333333333333326,0.2941176470588235,0.30508474576271194,-0.2786336798472002,-0.30113120964977913,-0.36728925843770066,0.0,-0.9404780960203736,0.0,1
6628,1.0,0.0,1.0,0.823529411764706,0.847457627118644,1.0802680506962121,1.0751309066699692,-0.36728927026304103,2.0,0.678245226257167,1.0,0
4282,0.0,0.0,1.0,0.8823529411764705,0.8983050847457628,-0.6707585407480239,-1.8221914897422595,3.0962711615379725,0.0,-0.9108673035396868,0.0,1
13817,0.0,1.0,0.0,0.11764705882352944,0.09322033898305082,-0.6707585407480239,-0.5905731876060354,-0.36728927026304103,2.0,0.6881154904173958,1.0,0
8529,0.0,1.0,1.0,0.8823529411764705,0.8728813559322035,-0.2786336798472002,-0.30113120964977913,-0.36728927026304103,2.0,2.1489145861312737,1.0,0
12373,0.0,1.0,0.6666666666666665,0.6470588235294118,0.6610169491525424,1.0802680506962121,1.0751309066699692,-0.36728927026304103,2.0,1.724493227241431,1.0,0
14871,1.0,0.0,0.0,0.0,0.016949152542372947,1.0802680506962121,1.0751309066699692,-0.36728927026304103,2.0,0.6979857545776248,1.0,0
7258,0.0,0.0,1.0,0.823529411764706,0.7966101694915255,1.0802680506962121,1.0751309066699692,-0.36728927026304103,2.0,0.6387641696162514,1.0,0
11507,0.0,1.0,1.0,0.9999999999999999,1.0,1.0802680506962121,1.0751309066699692,-0.36728927026304103,2.0,0.5499317921741912,2.0,0
6628,1.0,0.0,1.0,0.823529411764706,0.7966101694915255,1.0802680506962121,1.0751309066699692,-0.36728927026304103,2.0,-0.12124617072137438,1.0,0
10262,0.0,1.0,1.0,0.823529411764706,0.8220338983050848,1.0802680506962121,1.0751309066699692,-0.36728927026304103,2.0,1.2803313400311302,1.0,0
7480,0.0,0.0,0.6666666666666665,0.5882352941176471,0.5847457627118644,1.0802680506962121,1.0751309066699692,-0.36728927026304103,2.0,1.9909903595676115,1.0,0
8662,0.0,0.0,1.0,0.823529411764706,0.8220338983050848,-0.2786336798472002,-0.30113120964977913,-0.36728927026304103,2.0,1.8725471896448647,1.0,0
14861,0.0,1.0,0.0,0.05882352941176472,0.06779661016949157,1.0802680506962121,1.0751309066699692,-0.36728927026304103,2.0,1.4481258307550215,2.0,0
12802,0.0,0.0,0.6666666666666665,0.7058823529411765,0.7118644067796611,-0.2786336798472002,-0.30113120964977913,-0.36728927026304103,2.0,1.2309800192299858,2.0,0
11411,0.0,0.0,0.6666666666666665,0.5882352941176471,0.6101694915254237,-0.2786336798472002,-0.30113120964977913,-0.36728927026304103,2.0,0.8164289245003716,2.0,0
3943,1.0,0.0,1.0,0.9411764705882352,0.923728813559322,-0.6707585407480239,-1.8221914897422595,3.0962711615379725,0.0,-0.9108673035396868,0.0,1
6287,0.0,1.0,0.6666666666666665,0.7058823529411765,0.7118644067796611,-0.2786336798472002,-0.30113120964977913,-0.36728927026304103,2.0,-0.38774330304755483,1.0,0
3597,1.0,0.0,1.0,0.9411764705882352,0.9491525423728813,-1.8304478582758112,-0.5905731876060354,-0.36728927026304103,0.0,-0.9700888885010602,0.0,1
3573,0.0,0.0,1.0,0.823529411764706,0.8220338983050848,-0.6707585407480239,-1.8221914897422595,-0.3641176152465552,0.0,-0.9306078318601446,0.0,1
6216,0.0,0.0,0.33333333333333326,0.47058823529411764,0.48305084745762716,1.0802680506962121,1.0751309066699692,-0.36728927026304103,1.0,-0.8713862468987712,0.0,1
4823,1.0,0.0,0.6666666666666665,0.5882352941176471,0.6101694915254237,-0.6707585407480239,-1.8221914897422595,2.3913600842748473,0.0,-0.900997039379458,0.0,1
7923,1.0,0.0,0.6666666666666665,0.6470588235294118,0.6355932203389831,1.0802680506962121,1.0751309066699692,-0.36728927026304103,2.0,-0.12124617072137438,1.0,0
6093,1.0,0.0,1.0,0.8823529411764705,0.8728813559322035,1.0802680506962121,1.0751309066699692,-0.36728927026304103,2.0,0.3525265089696131,1.0,0
25139,0.0,0.0,0.0,0.05882352941176472,0.0423728813559322,-1.8304478582758112,-0.5905731876060354,-0.36728927026304103,2.0,2.2574874918937917,2.0,0
13259,0.0,0.0,1.0,0.823529411764706,0.7966101694915255,1.0802680506962121,1.0751309066699692,-0.36728927026304103,1.0,-0.46670541632938606,1.0,0
7480,0.0,0.0,1.0,0.9999999999999999,0.9745762711864407,1.0802680506962121,1.0751309066699692,-0.36728927026304103,2.0,0.26369413152755294,1.0,0
16439,0.0,0.0,0.0,0.05882352941176472,0.0423728813559322,1.0802680506962121,1.0751309066699692,-0.36728927026304103,2.0,-0.1508569632020611,1.0,0
12341,0.0,1.0,0.0,0.17647058823529405,0.1694915254237288,1.0802680506962121,1.0751309066699692,-0.36728927026304103,2.0,2.8521709075475834,2.0,0
14053,0.0,1.0,0.0,0.05882352941176472,0.06779661016949157,1.0802680506962121,1.0751309066699692,-0.36728927026304103,2.0,1.3592934533129615,1.0,0
4049,1.0,0.0,1.0,0.8823529411764705,0.8983050847457628,-1.8304478582758112,-0.5905731876060354,-0.36728927026304103,0.0,-1.0687915301033493,0.0,1
5192,0.0,0.0,0.6666666666666665,0.5882352941176471,0.5593220338983051,-0.2786336798472002,-0.30113120964977913,-0.36728927026304103,2.0,0.15512122576503498,1.0,0
8085,0.0,0.0,1.0,0.823529411764706,0.847457627118644,-0.2786336798472002,-0.30113120964977913,-0.36728927026304103,2.0,1.9613795670869247,1.0,0
11093,0.0,1.0,0.0,0.17647058823529405,0.1694915254237288,1.0802680506962121,1.0751309066699692,-0.36728927026304103,2.0,2.553595416700659,2.0,0
10262,0.0,1.0,1.0,0.823529411764706,0.847457627118644,1.0802680506962121,1.0751309066699692,-0.36728927026304103,2.0,2.020601152048298,1.0,0
9646,0.0,0.0,0.6666666666666665,0.6470588235294118,0.6355932203389831,1.0802680506962121,1.0751309066699692,-0.36728927026304103,1.0,-0.48644594464984386,1.0,0
12723,0.0,0.0,0.6666666666666665,0.7058823529411765,0.7118644067796611,-0.2786336798472002,-0.30113120964977913,-0.36728927026304103,2.0,2.385800925976768,2.0,0
6838,1.0,0.0,1.0,0.9999999999999999,0.9745762711864407,1.0802680506962121,1.0751309066699692,-0.36728927026304103,2.0,0.14525096160480608,1.0,0
9450,0.0,0.0,0.6666666666666665,0.7647058823529412,0.7372881355932204,1.0802680506962121,1.0751309066699692,-0.36728927026304103,2.0,0.29330492400823965,1.0,0
18308,0.0,1.0,0.0,0.05882352941176472,0.0423728813559322,-0.6707585407480239,-0.5905731876060354,-0.3641176152465552,0.0,-0.9306078318601446,0.0,1
10844,0.0,1.0,0.6666666666666665,0.7058823529411765,0.6864406779661016,-0.2786336798472002,-0.30113120964977913,-0.36728927026304103,2.0,0.20447254656617952,1.0,0
17024,0.0,1.0,0.0,0.0,0.016949152542372947,1.0802680506962121,1.0751309066699692,-0.36728927026304103,2.0,1.2408502833902146,1.0,0
14360,0.0,0.0,0.0,0.17647058823529405,0.19491525423728817,-0.2786336798472002,-0.30113120964977913,-0.36728927026304103,1.0,-0.5456675296112173,1.0,0
13587,0.0,0.0,1.0,0.8823529411764705,0.8983050847457628,1.0802680506962121,1.0751309066699692,-0.36728927026304103,2.0,0.1748617540854928,1.0,0
8016,0.0,1.0,1.0,0.823529411764706,0.8220338983050848,-0.6707585407480239,-1.8221914897422595,2.3913600842748473,0.0,-0.900997039379458,0.0,1
9663,0.0,1.0,1.0,0.823529411764706,0.847457627118644,-0.2786336798472002,-0.30113120964977913,-0.36728927026304103,2.0,-0.21994881232366342,1.0,0
12734,0.0,0.0,0.0,0.11764705882352944,0.09322033898305082,-0.6707585407480239,-0.5905731876060354,-0.36728927026304103,2.0,2.129174057810816,2.0,0
3807,0.0,0.0,0.0,0.17647058823529405,0.14406779661016955,-1.8304478582758112,-0.5905731876060354,-0.36728927026304103,0.0,-0.9799591526612892,0.0,1
14153,0.0,0.0,0.0,0.0,0.016949152542372947,1.0802680506962121,1.0751309066699692,-0.36728927026304103,2.0,-0.1508569632020611,1.0,0
17234,0.0,1.0,0.0,0.05882352941176472,0.0423728813559322,1.0802680506962121,1.0751309066699692,-0.36728927026304103,2.0,1.2803313400311302,1.0,0
6916,0.0,0.0,0.0,0.05882352941176472,0.06779661016949157,1.0802680506962121,1.0751309066699692,-0.36728927026304103,2.0,0.5598020563344202,1.0,0
7711,0.0,0.0,0.33333333333333326,0.3529411764705882,0.3305084745762712,1.0802680506962121,1.0751309066699692,-0.36728927026304103,2.0,2.8521709075475834,2.0,0
10493,0.0,0.0,0.6666666666666665,0.7647058823529412,0.7372881355932204,1.0802680506962121,1.0751309066699692,-0.36728927026304103,2.0,2.8521709075475834,3.0,0
35185,0.0,1.0,0.0,0.0,0.0,-0.6707585407480239,-0.5905731876060354,-0.36728927026304103,1.0,-0.5259270012907595,1.0,0
14714,0.0,1.0,1.0,0.823529411764706,0.8220338983050848,1.0802680506962121,1.0751309066699692,-0.36728927026304103,2.0,0.579542584654878,1.0,0
16108,0.0,0.0,1.0,0.8823529411764705,0.8983050847457628,1.0802680506962121,1.0751309066699692,-0.36728927026304103,1.0,-0.5061864729703017,1.0,0
4777,1.0,0.0,0.0,0.05882352941176472,0.06779661016949157,-0.6707585407480239,-0.5905731876060354,2.3913600842748473,0.0,-0.900997039379458,0.0,1
8266,0.0,0.0,1.0,0.823529411764706,0.8220338983050848,1.0802680506962121,1.0751309066699692,-0.36728927026304103,2.0,-0.3482622464066392,1.0,0
2575,0.0,0.0,0.0,0.23529411764705876,0.22033898305084743,-1.8304478582758112,-0.5905731876060354,-0.36728927026304103,0.0,-1.0885320584238072,0.0,1
3543,0.0,0.0,0.6666666666666665,0.7058823529411765,0.6864406779661016,-1.8304478582758112,-0.5905731876060354,-0.36728927026304103,0.0,-0.9700888885010602,0.0,1
14781,0.0,1.0,0.6666666666666665,0.5882352941176471,0.5847457627118644,-0.2786336798472002,-0.30113120964977913,-0.36728927026304103,2.0,0.14525096160480608,1.0,0
18192,0.0,0.0,0.0,0.0,0.016949152542372947,1.0802680506962121,1.0751309066699692,-0.36728927026304103,2.0,0.26369413152755294,1.0,0
12557,0.0,1.0,0.0,0.17647058823529405,0.1694915254237288,1.0802680506962121,1.0751309066699692,-0.36728927026304103,2.0,0.046548320002517025,1.0,0
12214,1.0,0.0,0.0,0.0,0.016949152542372947,1.0802680506962121,1.0751309066699692,-0.36728927026304103,1.0,-0.6344999070532774,1.0,0
6442,1.0,0.0,0.6666666666666665,0.5882352941176471,0.5847457627118644,1.0802680506962121,1.0751309066699692,-0.36728927026304103,2.0,-0.1409866990418322,1.0,0
9555,0.0,0.0,0.6666666666666665,0.5882352941176471,0.5847457627118644,-0.2786336798472002,-0.30113120964977913,-0.36728927026304103,2.0,1.9909903595676115,1.0,0
12692,0.0,1.0,1.0,0.823529411764706,0.8220338983050848,-0.2786336798472002,-0.30113120964977913,-0.36728927026304103,2.0,0.7374668112185404,1.0,0
5048,0.0,0.0,0.0,0.17647058823529405,0.19491525423728817,-0.6707585407480239,-0.5905731876060354,2.3913600842748473,0.0,-0.900997039379458,0.0,1
9663,0.0,1.0,0.6666666666666665,0.6470588235294118,0.6355932203389831,-0.2786336798472002,-0.30113120964977913,-0.36728927026304103,2.0,-0.3581325105668681,1.0,0
5678,0.0,1.0,1.0,0.7647058823529412,0.7796610169491525,-1.8304478582758112,-0.5905731876060354,-0.36728927026304103,0.0,-1.078661794263578,0.0,1
11245,0.0,1.0,0.0,0.17647058823529405,0.14406779661016955,-0.6707585407480239,-0.5905731876060354,-0.36728927026304103,2.0,-0.41735409552824154,2.0,0
3919,0.0,0.0,0.33333333333333326,0.2941176470588235,0.2796610169491526,-0.6707585407480239,-1.8221914897422595,2.3913600842748473,0.0,-0.900997039379458,0.0,1
9663,0.0,1.0,0.6666666666666665,0.7058823529411765,0.7118644067796611,-0.2786336798472002,-0.30113120964977913,-0.36728927026304103,2.0,0.1946022824059506,1.0,0
5092,0.0,0.0,0.0,0.17647058823529405,0.1694915254237288,-0.6707585407480239,-0.5905731876060354,-0.36728927026304103,2.0,1.2507205475504435,1.0,0
13376,0.0,1.0,1.0,0.823529411764706,0.847457627118644,1.0802680506962121,1.0751309066699692,-0.36728927026304103,2.0,1.3592934533129615,2.0,0
11281,0.0,0.0,0.6666666666666665,0.5882352941176471,0.5847457627118644,1.0802680506962121,1.0751309066699692,-0.36728927026304103,2.0,1.9120282462857803,2.0,0
6015,1.0,0.0,1.0,0.823529411764706,0.7966101694915255,1.0802680506962121,1.0751309066699692,-0.36728927026304103,1.0,-0.8615159827385422,0.0,1
7398,0.0,0.0,0.0,0.05882352941176472,0.06779661016949157,-0.6707585407480239,-0.5905731876060354,-0.3641176152465552,0.0,-0.9306078318601446,0.0,1
13355,0.0,0.0,0.0,0.0,0.016949152542372947,-0.6707585407480239,-0.5905731876060354,-0.36728927026304103,2.0,0.579542584654878,2.0,0
2227,1.0,0.0,0.0,0.17647058823529405,0.14406779661016955,-1.8304478582758112,-0.5905731876060354,-0.36728927026304103,0.0,-1.0687915301033493,0.0,1
5298,1.0,0.0,1.0,0.9999999999999999,0.9745762711864407,1.0802680506962121,1.0751309066699692,-0.36728927026304103,1.0,-0.6147593787328196,1.0,0
4160,0.0,1.0,0.0,0.17647058823529405,0.14406779661016955,-1.8304478582758112,-0.5905731876060354,-0.36728927026304103,0.0,-1.0687915301033493,0.0,1
7363,0.0,0.0,0.0,0.17647058823529405,0.1694915254237288,1.0802680506962121,1.0751309066699692,-0.36728927026304103,2.0,-0.22981907648389233,1.0,0
3383,0.0,0.0,0.33333333333333326,0.2941176470588235,0.30508474576271194,-0.6707585407480239,-1.8221914897422595,3.0962711615379725,0.0,-0.9108673035396868,0.0,1
9315,0.0,0.0,0.6666666666666665,0.7647058823529412,0.7372881355932204,1.0802680506962121,1.0751309066699692,-0.36728927026304103,2.0,0.21434281072640843,1.0,0
12373,0.0,1.0,0.6666666666666665,0.5882352941176471,0.5847457627118644,1.0802680506962121,1.0751309066699692,-0.36728927026304103,2.0,-0.022543529119085318,1.0,0
6015,1.0,0.0,0.6666666666666665,0.6470588235294118,0.6355932203389831,1.0802680506962121,1.0751309066699692,-0.36728927026304103,1.0,-0.8615159827385422,0.0,1
14781,0.0,1.0,0.6666666666666665,0.5882352941176471,0.5593220338983051,-0.2786336798472002,-0.30113120964977913,-0.36728927026304103,2.0,-0.08176511408045875,1.0,0
5118,0.0,0.0,0.0,0.05882352941176472,0.06779661016949157,-0.6707585407480239,-0.5905731876060354,-0.36728927026304103,1.0,-0.6048891145725908,1.0,0
14151,0.0,1.0,0.6666666666666665,0.6470588235294118,0.6355932203389831,-0.2786336798472002,-0.30113120964977913,-0.36728927026304103,2.0,1.7541040197221176,1.0,0
5613,0.0,0.0,0.33333333333333326,0.47058823529411764,0.4576271186440678,-0.6707585407480239,-1.8221914897422595,-0.36728925843770066,0.0,-0.9404780960203736,0.0,1
14388,0.0,1.0,0.6666666666666665,0.6470588235294118,0.6355932203389831,-0.2786336798472002,-0.30113120964977913,-0.36728927026304103,1.0,-0.5950188504123618,1.0,0
10943,0.0,0.0,0.0,0.11764705882352944,0.09322033898305082,-1.8304478582758112,-0.5905731876060354,-0.36728927026304103,2.0,1.408644774114106,1.0,0
15544,0.0,1.0,0.6666666666666665,0.7647058823529412,0.7372881355932204,1.0802680506962121,1.0751309066699692,-0.36728927026304103,2.0,-0.40748383136801264,2.0,0
6442,1.0,0.0,0.6666666666666665,0.6470588235294118,0.6355932203389831,1.0802680506962121,1.0751309066699692,-0.36728927026304103,2.0,-0.1409866990418322,1.0,0
4937,0.0,0.0,0.0,0.0,0.016949152542372947,-1.8304478582758112,-0.5905731876060354,-0.36728927026304103,0.0,-1.0885320584238072,0.0,1
8016,0.0,1.0,1.0,0.823529411764706,0.8220338983050848,-0.6707585407480239,-1.8221914897422595,-0.3641176152465552,1.0,-0.891126775219229,0.0,1
7198,0.0,0.0,1.0,0.823529411764706,0.847457627118644,1.0802680506962121,1.0751309066699692,-0.36728927026304103,2.0,0.23408333904686623,1.0,0
11467,0.0,1.0,0.6666666666666665,0.5294117647058824,0.5169491525423728,-0.2786336798472002,-0.30113120964977913,-0.36728927026304103,2.0,-0.11137590656114547,1.0,0
4483,0.0,0.0,1.0,0.7647058823529412,0.7796610169491525,-0.6707585407480239,-1.8221914897422595,2.3913600842748473,0.0,-0.9207375676999158,0.0,1
9663,0.0,1.0,0.6666666666666665,0.5294117647058824,0.5169491525423728,-0.2786336798472002,-0.30113120964977913,-0.36728927026304103,2.0,1.7047526989209731,1.0,0
10368,0.0,1.0,1.0,0.823529411764706,0.7966101694915255,1.0802680506962121,1.0751309066699692,-0.36728927026304103,2.0,0.776947867859456,2.0,0
12029,0.0,0.0,0.6666666666666665,0.7647058823529412,0.7372881355932204,1.0802680506962121,1.0751309066699692,-0.36728927026304103,2.0,-0.1508569632020611,1.0,0
4632,0.0,0.0,0.33333333333333326,0.3529411764705882,0.3305084745762712,-0.6707585407480239,-1.8221914897422595,2.3913600842748473,0.0,-0.900997039379458,0.0,1
12475,1.0,0.0,0.0,0.0,0.0,-1.8304478582758112,-0.5905731876060354,-0.36728927026304103,0.0,-1.078661794263578,0.0,1
6513,0.0,0.0,0.6666666666666665,0.6470588235294118,0.6355932203389831,1.0802680506962121,1.0751309066699692,-0.36728927026304103,2.0,0.569672320494649,1.0,0
7662,0.0,0.0,0.6666666666666665,0.7058823529411765,0.7118644067796611,-0.2786336798472002,-0.30113120964977913,-0.36728927026304103,2.0,0.08602937664343265,1.0,0
4030,0.0,1.0,0.6666666666666665,0.5882352941176471,0.5593220338983051,-0.6707585407480239,-1.8221914897422595,2.3913600842748473,0.0,-0.900997039379458,0.0,1
4174,0.0,0.0,0.33333333333333326,0.4117647058823529,0.3813559322033898,-0.2786336798472002,-0.30113120964977913,-0.36728927026304103,0.0,-0.9503483601806024,0.0,1
10844,0.0,1.0,0.6666666666666665,0.7058823529411765,0.7118644067796611,-0.2786336798472002,-0.30113120964977913,-0.36728927026304103,2.0,1.9021579821255512,1.0,0
11543,0.0,1.0,0.0,0.17647058823529405,0.1694915254237288,1.0802680506962121,1.0751309066699692,-0.36728927026304103,2.0,1.4481258307550215,2.0,0
10262,0.0,1.0,1.0,0.8823529411764705,0.8728813559322035,1.0802680506962121,1.0751309066699692,-0.36728927026304103,1.0,-0.5357972654509884,1.0,0
4082,0.0,0.0,0.0,0.17647058823529405,0.1694915254237288,-0.2786336798472002,-0.30113120964977913,-0.36728925843770066,0.0,-0.9404780960203736,0.0,1
10844,0.0,1.0,0.6666666666666665,0.6470588235294118,0.6610169491525424,-0.2786336798472002,-0.30113120964977913,-0.36728927026304103,2.0,1.8626769254846356,1.0,0
7832,0.0,1.0,0.0,0.17647058823529405,0.1694915254237288,-0.6707585407480239,-0.5905731876060354,-0.36728927026304103,1.0,-0.5061864729703017,1.0,0
4423,1.0,0.0,0.33333333333333326,0.4117647058823529,0.3813559322033898,-0.6707585407480239,-1.8221914897422595,3.0962711615379725,0.0,-0.9108673035396868,0.0,1
6171,1.0,0.0,0.33333333333333326,0.4117647058823529,0.3813559322033898,1.0802680506962121,1.0751309066699692,-0.36728927026304103,2.0,0.06628884832297484,1.0,0
15353,0.0,0.0,0.0,0.05882352941176472,0.0423728813559322,1.0802680506962121,1.0751309066699692,-0.36728927026304103,2.0,0.14525096160480608,1.0,0
26890,0.0,1.0,0.0,0.0,0.0,-0.6707585407480239,-0.5905731876060354,-0.36728927026304103,1.0,-0.6048891145725908,1.0,0
11150,0.0,1.0,1.0,0.9999999999999999,1.0,1.0802680506962121,1.0751309066699692,-0.36728927026304103,2.0,1.4974771515561662,2.0,0
6934,0.0,0.0,0.6666666666666665,0.7058823529411765,0.7118644067796611,1.0802680506962121,1.0751309066699692,-0.3641176152465552,1.0,-0.891126775219229,0.0,1
10262,0.0,1.0,1.0,0.7647058823529412,0.7796610169491525,1.0802680506962121,1.0751309066699692,-0.36728927026304103,2.0,1.4283853024345639,1.0,0
7295,1.0,0.0,0.0,0.05882352941176472,0.0423728813559322,-1.8304478582758112,-0.5905731876060354,-0.36728927026304103,0.0,-0.9700888885010602,0.0,1
11410,0.0,0.0,1.0,0.823529411764706,0.7966101694915255,1.0802680506962121,1.0751309066699692,-0.36728927026304103,2.0,0.39200756561052874,1.0,0
10953,0.0,1.0,0.6666666666666665,0.5882352941176471,0.5593220338983051,-0.2786336798472002,-0.30113120964977913,-0.36728927026304103,2.0,1.615920321478913,1.0,0
13381,0.0,0.0,1.0,0.9999999999999999,0.9745762711864407,1.0802680506962121,1.0751309066699692,-0.36728927026304103,2.0,1.4777366232357083,2.0,0
14714,0.0,1.0,1.0,0.823529411764706,0.8220338983050848,1.0802680506962121,1.0751309066699692,-0.36728927026304103,2.0,1.507347415716395,1.0,0
3850,1.0,0.0,1.0,0.8823529411764705,0.8728813559322035,-1.8304478582758112,-0.5905731876060354,-0.36728927026304103,0.0,-0.9700888885010602,0.0,1
12242,0.0,1.0,0.0,0.23529411764705876,0.22033898305084743,1.0802680506962121,1.0751309066699692,-0.36728927026304103,2.0,1.0533152643458654,1.0,0
2050,0.0,0.0,0.33333333333333326,0.2941176470588235,0.2796610169491526,-1.8304478582758112,-0.5905731876060354,-0.36728927026304103,0.0,-1.0885320584238072,0.0,1
10262,0.0,1.0,1.0,0.8823529411764705,0.8728813559322035,1.0802680506962121,1.0751309066699692,-0.36728927026304103,2.0,-0.3581325105668681,1.0,0
5883,1.0,0.0,1.0,0.823529411764706,0.8220338983050848,1.0802680506962121,1.0751309066699692,-0.36728927026304103,2.0,0.5203209996935045,1.0,0
10877,0.0,0.0,1.0,0.823529411764706,0.847457627118644,1.0802680506962121,1.0751309066699692,-0.36728927026304103,2.0,0.42161835809121545,1.0,0
4823,1.0,0.0,0.6666666666666665,0.5882352941176471,0.5593220338983051,-0.6707585407480239,-1.8221914897422595,3.0962711615379725,0.0,-0.9108673035396868,0.0,1
8016,0.0,1.0,1.0,0.9411764705882352,0.923728813559322,-0.6707585407480239,-1.8221914897422595,-0.3641176152465552,1.0,-0.891126775219229,0.0,1
8066,0.0,1.0,0.6666666666666665,0.5882352941176471,0.5593220338983051,-0.2786336798472002,-0.30113120964977913,-0.36728927026304103,2.0,1.9712498312471536,1.0,0
4226,1.0,0.0,0.6666666666666665,0.7058823529411765,0.7118644067796611,-0.2786336798472002,-0.30113120964977913,-0.36728927026304103,1.0,-0.7726836052964822,1.0,0
8728,0.0,1.0,0.0,0.17647058823529405,0.1694915254237288,1.0802680506962121,1.0751309066699692,-0.36728927026304103,2.0,1.9120282462857803,2.0,0
4622,0.0,0.0,0.0,0.05882352941176472,0.06779661016949157,-0.2786336798472002,-0.30113120964977913,-0.36728927026304103,0.0,-0.9503483601806024,0.0,1
4668,0.0,0.0,1.0,0.7647058823529412,0.7796610169491525,-0.6707585407480239,-1.8221914897422595,3.0962711615379725,0.0,-0.9108673035396868,0.0,1
4082,0.0,0.0,0.0,0.11764705882352944,0.09322033898305082,-0.2786336798472002,-0.30113120964977913,-0.36728927026304103,0.0,-0.9503483601806024,0.0,1
22096,0.0,0.0,0.0,0.0,0.016949152542372947,1.0802680506962121,1.0751309066699692,-0.36728927026304103,2.0,1.2704610758709014,2.0,0
11410,0.0,0.0,1.0,0.7647058823529412,0.7796610169491525,1.0802680506962121,1.0751309066699692,-0.36728927026304103,1.0,-0.575278322091904,1.0,0
7185,0.0,0.0,0.0,0.05882352941176472,0.0423728813559322,1.0802680506962121,1.0751309066699692,-0.36728927026304103,1.0,-0.5061864729703017,1.0,0
12537,0.0,0.0,0.33333333333333326,0.3529411764705882,0.3305084745762712,1.0802680506962121,1.0751309066699692,-0.36728927026304103,2.0,-0.29891092560549465,1.0,0
13243,0.0,0.0,0.6666666666666665,0.6470588235294118,0.6610169491525424,-0.2786336798472002,-0.30113120964977913,-0.36728927026304103,2.0,0.569672320494649,2.0,0
4423,1.0,0.0,0.33333333333333326,0.4117647058823529,0.43220338983050854,-0.6707585407480239,-1.8221914897422595,-0.3641176152465552,1.0,-0.891126775219229,0.0,1
13014,0.0,1.0,1.0,0.823529411764706,0.847457627118644,1.0802680506962121,1.0751309066699692,-0.36728927026304103,2.0,-0.1903380198429767,2.0,0
8738,1.0,0.0,0.0,0.0,0.016949152542372947,-0.6707585407480239,-0.5905731876060354,-0.36728927026304103,1.0,-0.6641106995339642,1.0,0
19266,0.0,1.0,0.0,0.0,0.016949152542372947,1.0802680506962121,1.0751309066699692,-0.36728927026304103,2.0,1.4481258307550215,2.0,0
13377,0.0,0.0,1.0,0.9999999999999999,1.0,1.0802680506962121,1.0751309066699692,-0.36728927026304103,2.0,-0.29891092560549465,1.0,0
12284,0.0,1.0,0.0,0.17647058823529405,0.14406779661016955,-0.6707585407480239,-0.5905731876060354,-0.36728927026304103,1.0,-0.6937214920146509,1.0,0
4804,1.0,0.0,0.6666666666666665,0.6470588235294118,0.6610169491525424,-0.2786336798472002,-0.30113120964977913,-0.36728927026304103,0.0,-0.9503483601806024,0.0,1
3257,0.0,0.0,1.0,0.823529411764706,0.8220338983050848,-0.6707585407480239,-1.8221914897422595,2.3913600842748473,0.0,-0.900997039379458,0.0,1
3419,0.0,0.0,0.33333333333333326,0.2941176470588235,0.30508474576271194,-0.6707585407480239,-1.8221914897422595,2.3913600842748473,0.0,-0.9207375676999158,0.0,1
5224,1.0,0.0,0.6666666666666665,0.6470588235294118,0.6610169491525424,-0.2786336798472002,-0.30113120964977913,-0.36728927026304103,0.0,-0.9503483601806024,0.0,1
4804,1.0,0.0,0.33333333333333326,0.47058823529411764,0.48305084745762716,-0.2786336798472002,-0.30113120964977913,2.3913600842748473,0.0,-0.9207375676999158,0.0,1
3943,1.0,0.0,0.6666666666666665,0.5294117647058824,0.5338983050847457,-0.6707585407480239,-1.8221914897422595,-0.3641176152465552,1.0,-0.891126775219229,0.0,1
11707,0.0,0.0,0.0,0.11764705882352944,0.09322033898305082,-0.6707585407480239,-0.5905731876060354,-0.36728927026304103,2.0,1.2507205475504435,1.0,0
4812,0.0,0.0,0.33333333333333326,0.47058823529411764,0.4576271186440678,1.0802680506962121,1.0751309066699692,-0.36728927026304103,1.0,-0.7134620203351087,1.0,0
8452,0.0,0.0,1.0,0.8823529411764705,0.8728813559322035,-0.2786336798472002,-0.30113120964977913,-0.36728927026304103,2.0,0.46109941473213106,1.0,0
11491,0.0,0.0,0.6666666666666665,0.6470588235294118,0.6355932203389831,1.0802680506962121,1.0751309066699692,-0.36728927026304103,2.0,1.5369582081970818,2.0,0
4804,1.0,0.0,1.0,0.8823529411764705,0.8983050847457628,-0.2786336798472002,-0.30113120964977913,-0.3641176152465552,0.0,-0.9306078318601446,0.0,1
6092,0.0,0.0,0.0,0.0,0.016949152542372947,-1.8304478582758112,-0.5905731876060354,-0.36728927026304103,0.0,-1.0687915301033493,0.0,1
5228,0.0,0.0,1.0,0.823529411764706,0.847457627118644,-0.6707585407480239,-1.8221914897422595,3.0962711615379725,0.0,-0.9108673035396868,0.0,1
3100,0.0,0.0,0.0,0.17647058823529405,0.14406779661016955,-1.8304478582758112,-0.5905731876060354,-0.36728927026304103,0.0,-1.0885320584238072,0.0,1
7618,0.0,0.0,0.0,0.17647058823529405,0.1694915254237288,1.0802680506962121,1.0751309066699692,-0.36728927026304103,2.0,-0.29891092560549465,1.0,0
5964,0.0,0.0,0.0,0.0,0.0,-0.2786336798472002,-0.30113120964977913,-0.36728927026304103,0.0,-0.9503483601806024,0.0,1
10671,0.0,0.0,0.6666666666666665,0.6470588235294118,0.6355932203389831,1.0802680506962121,1.0751309066699692,-0.36728927026304103,2.0,0.9743531510640342,1.0,0
12395,0.0,0.0,0.0,0.05882352941176472,0.0423728813559322,-1.8304478582758112,-0.5905731876060354,-0.36728927026304103,2.0,0.43148862225144435,1.0,0
6093,0.0,0.0,0.33333333333333326,0.47058823529411764,0.4576271186440678,1.0802680506962121,1.0751309066699692,-0.36728927026304103,2.0,-0.1804677556827478,1.0,0
4423,1.0,0.0,0.33333333333333326,0.2941176470588235,0.30508474576271194,-0.6707585407480239,-1.8221914897422595,2.3913600842748473,0.0,-0.9207375676999158,0.0,1
8040,0.0,1.0,0.6666666666666665,0.7058823529411765,0.6864406779661016,-1.8304478582758112,-0.5905731876060354,-0.36728927026304103,0.0,-1.078661794263578,0.0,1
4823,1.0,0.0,0.33333333333333326,0.2941176470588235,0.2796610169491526,-0.6707585407480239,-1.8221914897422595,3.0962711615379725,0.0,-0.9108673035396868,0.0,1
3841,0.0,0.0,0.33333333333333326,0.47058823529411764,0.48305084745762716,-0.2786336798472002,-0.30113120964977913,-0.36728927026304103,0.0,-0.9503483601806024,0.0,1
3384,1.0,0.0,0.0,0.17647058823529405,0.1694915254237288,-1.8304478582758112,-0.5905731876060354,-0.36728927026304103,0.0,-0.9700888885010602,0.0,1
12898,0.0,1.0,0.6666666666666665,0.7647058823529412,0.7372881355932204,1.0802680506962121,1.0751309066699692,-0.36728927026304103,2.0,1.9515093029266959,1.0,0
10262,0.0,1.0,1.0,0.9999999999999999,1.0,1.0802680506962121,1.0751309066699692,-0.36728927026304103,1.0,-0.5950188504123618,1.0,0
7229,0.0,1.0,1.0,0.8823529411764705,0.8983050847457628,-0.6707585407480239,-1.8221914897422595,2.3913600842748473,0.0,-0.900997039379458,0.0,1
4668,0.0,0.0,1.0,0.823529411764706,0.847457627118644,-0.6707585407480239,-1.8221914897422595,3.0962711615379725,0.0,-0.9108673035396868,0.0,1
8040,0.0,1.0,0.6666666666666665,0.5294117647058824,0.5169491525423728,-1.8304478582758112,-0.5905731876060354,-0.36728927026304103,0.0,-1.078661794263578,0.0,1
13014,0.0,1.0,1.0,0.8823529411764705,0.8728813559322035,1.0802680506962121,1.0751309066699692,-0.36728927026304103,2.0,1.9416390387664668,2.0,0
14815,0.0,1.0,0.0,0.05882352941176472,0.0423728813559322,-0.6707585407480239,-0.5905731876060354,-0.36728927026304103,2.0,0.30317518816846856,1.0,0
4107,0.0,0.0,1.0,0.8823529411764705,0.8983050847457628,-0.2786336798472002,-0.30113120964977913,-0.36728927026304103,0.0,-0.9503483601806024,0.0,1
14571,0.0,1.0,1.0,0.823529411764706,0.8220338983050848,-0.2786336798472002,-0.30113120964977913,-0.36728927026304103,2.0,1.8133256046834911,1.0,0
15554,0.0,1.0,0.6666666666666665,0.5882352941176471,0.5593220338983051,1.0802680506962121,1.0751309066699692,-0.36728927026304103,2.0,0.38213730145029984,1.0,0
2754,1.0,0.0,1.0,0.8823529411764705,0.8983050847457628,-1.8304478582758112,-0.5905731876060354,-0.36728927026304103,0.0,-1.0687915301033493,0.0,1
5636,1.0,0.0,1.0,0.823529411764706,0.847457627118644,1.0802680506962121,1.0751309066699692,-0.36728927026304103,1.0,-0.6048891145725908,1.0,0
4823,1.0,0.0,0.6666666666666665,0.6470588235294118,0.6610169491525424,-0.6707585407480239,-1.8221914897422595,-0.3641176152465552,1.0,-0.891126775219229,0.0,1
14571,0.0,1.0,1.0,0.823529411764706,0.8220338983050848,-0.2786336798472002,-0.30113120964977913,-0.36728927026304103,2.0,0.10576990496389045,1.0,0
5198,0.0,1.0,0.33333333333333326,0.4117647058823529,0.43220338983050854,-0.6707585407480239,-1.8221914897422595,-0.3641176152465552,1.0,-0.891126775219229,0.0,1
13029,0.0,1.0,0.6666666666666665,0.7647058823529412,0.7372881355932204,1.0802680506962121,1.0751309066699692,-0.36728927026304103,2.0,0.9743531510640342,2.0,0
12819,0.0,1.0,1.0,0.9999999999999999,1.0,1.0802680506962121,1.0751309066699692,-0.36728927026304103,2.0,1.5764392648379975,2.0,0
3543,0.0,0.0,1.0,0.9999999999999999,1.0,-1.8304478582758112,-0.5905731876060354,-0.36728927026304103,0.0,-0.9799591526612892,0.0,1
8273,0.0,0.0,0.6666666666666665,0.7058823529411765,0.7118644067796611,-0.6707585407480239,-1.8221914897422595,2.3913600842748473,0.0,-0.9207375676999158,0.0,1
16704,0.0,1.0,0.6666666666666665,0.5882352941176471,0.5847457627118644,1.0802680506962121,1.0751309066699692,-0.36728927026304103,2.0,1.4974771515561662,2.0,0
5647,1.0,0.0,0.0,0.05882352941176472,0.06779661016949157,1.0802680506962121,1.0751309066699692,-0.36728927026304103,1.0,-0.6147593787328196,1.0,0
3597,1.0,0.0,0.6666666666666665,0.5882352941176471,0.5593220338983051,-1.8304478582758112,-0.5905731876060354,-0.36728927026304103,0.0,-0.9700888885010602,0.0,1
7198,0.0,0.0,0.6666666666666665,0.7647058823529412,0.7372881355932204,1.0802680506962121,1.0751309066699692,-0.36728927026304103,2.0,-0.23968934064412123,1.0,0
4862,1.0,0.0,0.0,0.17647058823529405,0.1694915254237288,1.0802680506962121,1.0751309066699692,-0.36728927026304103,1.0,-0.6147593787328196,1.0,0
3100,0.0,0.0,1.0,0.9411764705882352,0.9491525423728813,-1.8304478582758112,-0.5905731876060354,-0.36728927026304103,0.0,-1.078661794263578,0.0,1
12725,0.0,0.0,0.0,0.11764705882352944,0.09322033898305082,-0.6707585407480239,-0.5905731876060354,-0.36728927026304103,2.0,2.3068388126949366,2.0,0
4282,0.0,0.0,0.33333333333333326,0.47058823529411764,0.48305084745762716,-0.6707585407480239,-1.8221914897422595,3.0962711615379725,0.0,-0.9108673035396868,0.0,1
8147,1.0,0.0,0.0,0.05882352941176472,0.06779661016949157,1.0802680506962121,1.0751309066699692,-0.36728927026304103,1.0,-0.6542404353737353,1.0,0
13082,0.0,1.0,0.0,0.17647058823529405,0.1694915254237288,1.0802680506962121,1.0751309066699692,-0.36728927026304103,2.0,2.7904817565461526,2.0,0
10844,0.0,1.0,0.6666666666666665,0.6470588235294118,0.6610169491525424,-0.2786336798472002,-0.30113120964977913,-0.36728927026304103,2.0,-0.40748383136801264,1.0,0
9187,0.0,0.0,0.6666666666666665,0.7058823529411765,0.7118644067796611,-0.2786336798472002,-0.30113120964977913,-0.36728927026304103,2.0,0.46109941473213106,1.0,0
3100,0.0,0.0,0.6666666666666665,0.7647058823529412,0.7372881355932204,-1.8304478582758112,-0.5905731876060354,-0.36728927026304103,0.0,-1.098402322584036,0.0,1
4823,1.0,0.0,0.33333333333333326,0.2941176470588235,0.2627118644067796,-0.6707585407480239,-1.8221914897422595,-0.3641176152465552,1.0,-0.891126775219229,0.0,1
14667,0.0,0.0,1.0,0.7647058823529412,0.7796610169491525,1.0802680506962121,1.0751309066699692,-0.36728927026304103,2.0,0.46109941473213106,2.0,0
5406,0.0,1.0,0.33333333333333326,0.2941176470588235,0.2627118644067796,1.0802680506962121,1.0751309066699692,-0.36728927026304103,2.0,1.6850121706005154,1.0,0
14388,0.0,1.0,0.6666666666666665,0.6470588235294118,0.6610169491525424,-0.2786336798472002,-0.30113120964977913,-0.36728927026304103,2.0,1.3494231891527326,1.0,0
12327,0.0,0.0,0.0,0.23529411764705876,0.22033898305084743,1.0802680506962121,1.0751309066699692,-0.36728927026304103,2.0,-0.0028030007986275056,1.0,0
7229,0.0,1.0,0.33333333333333326,0.4117647058823529,0.4067796610169492,-0.6707585407480239,-1.8221914897422595,-0.3641176152465552,1.0,-0.891126775219229,0.0,1
6628,1.0,0.0,1.0,0.7647058823529412,0.7796610169491525,1.0802680506962121,1.0751309066699692,-0.36728927026304103,2.0,-0.29891092560549465,1.0,0
3175,1.0,0.0,0.6666666666666665,0.5294117647058824,0.5169491525423728,-1.8304478582758112,-0.5905731876060354,-0.36728927026304103,0.0,-1.0687915301033493,0.0,1
8586,0.0,1.0,0.6666666666666665,0.5294117647058824,0.5169491525423728,-0.2786336798472002,-0.30113120964977913,-0.36728927026304103,2.0,-0.21994881232366342,1.0,0
3873,0.0,0.0,1.0,0.8823529411764705,0.8983050847457628,-0.2786336798472002,-0.30113120964977913,-0.36728927026304103,0.0,-0.9700888885010602,0.0,1
8607,0.0,0.0,0.33333333333333326,0.2941176470588235,0.2627118644067796,-0.2786336798472002,-0.30113120964977913,-0.36728927026304103,2.0,2.3660603976563097,3.0,0
16289,0.0,1.0,0.0,0.05882352941176472,0.06779661016949157,1.0802680506962121,1.0751309066699692,-0.36728927026304103,2.0,1.6652716422800575,1.0,0
7191,1.0,0.0,0.6666666666666665,0.6470588235294118,0.6355932203389831,1.0802680506962121,1.0751309066699692,-0.36728927026304103,2.0,0.45122915057190216,1.0,0
6934,0.0,0.0,1.0,0.7647058823529412,0.7796610169491525,1.0802680506962121,1.0751309066699692,-0.3641176152465552,1.0,-0.891126775219229,0.0,1
3175,1.0,0.0,0.33333333333333326,0.2941176470588235,0.2796610169491526,-1.8304478582758112,-0.5905731876060354,-0.36728927026304103,0.0,-1.0687915301033493,0.0,1
14221,0.0,0.0,0.0,0.17647058823529405,0.19491525423728817,-0.2786336798472002,-0.30113120964977913,-0.36728927026304103,2.0,2.8521709075475834,3.0,0
5224,1.0,0.0,0.6666666666666665,0.7058823529411765,0.7118644067796611,-0.2786336798472002,-0.30113120964977913,-0.36728927026304103,0.0,-0.9503483601806024,0.0,1
4384,0.0,0.0,0.0,0.11764705882352944,0.11864406779661019,-0.2786336798472002,-0.30113120964977913,-0.36728925843770066,0.0,-0.9404780960203736,0.0,1
6961,0.0,0.0,1.0,0.9999999999999999,1.0,-0.6707585407480239,-1.8221914897422595,2.3913600842748473,0.0,-0.9207375676999158,0.0,1
4878,0.0,0.0,1.0,0.8823529411764705,0.8728813559322035,-0.6707585407480239,-1.8221914897422595,2.3913600842748473,0.0,-0.9207375676999158,0.0,1
25735,0.0,1.0,0.0,0.0,0.0,-0.6707585407480239,-0.5905731876060354,-0.36728927026304103,2.0,1.0533152643458654,1.0,0
5170,1.0,0.0,1.0,0.823529411764706,0.8220338983050848,-0.2786336798472002,-0.30113120964977913,-0.36728927026304103,1.0,-0.6246296428930486,1.0,0
6287,1.0,0.0,0.33333333333333326,0.4117647058823529,0.3813559322033898,1.0802680506962121,1.0751309066699692,-0.36728927026304103,2.0,-0.40748383136801264,1.0,0
11269,0.0,0.0,0.0,0.17647058823529405,0.1694915254237288,1.0802680506962121,1.0751309066699692,-0.36728927026304103,2.0,-0.29891092560549465,1.0,0
12284,0.0,1.0,0.0,0.17647058823529405,0.14406779661016955,-0.6707585407480239,-0.5905731876060354,-0.36728927026304103,1.0,-0.6048891145725908,1.0,0
8366,0.0,0.0,1.0,0.823529411764706,0.8220338983050848,-0.2786336798472002,-0.30113120964977913,-0.36728927026304103,2.0,0.9250018302628896,1.0,0
11297,0.0,1.0,0.0,0.11764705882352944,0.09322033898305082,-0.6707585407480239,-0.5905731876060354,-0.36728927026304103,1.0,-0.47657568048961496,1.0,0
3543,0.0,0.0,0.6666666666666665,0.5294117647058824,0.5338983050847457,-1.8304478582758112,-0.5905731876060354,-0.36728927026304103,0.0,-0.9799591526612892,0.0,1
10919,0.0,1.0,1.0,0.8823529411764705,0.8728813559322035,1.0802680506962121,1.0751309066699692,-0.36728927026304103,2.0,0.39200756561052874,2.0,0
13790,1.0,0.0,0.0,0.05882352941176472,0.0423728813559322,1.0802680506962121,1.0751309066699692,-0.36728927026304103,1.0,-0.5456675296112173,1.0,0
3383,0.0,0.0,0.0,0.17647058823529405,0.19491525423728817,-0.6707585407480239,-0.5905731876060354,2.3913600842748473,0.0,-0.9207375676999158,0.0,1
12415,0.0,0.0,0.0,0.05882352941176472,0.06779661016949157,1.0802680506962121,1.0751309066699692,-0.36728927026304103,2.0,0.6585046979367092,1.0,0
8283,0.0,0.0,0.6666666666666665,0.6470588235294118,0.6610169491525424,1.0802680506962121,1.0751309066699692,-0.36728927026304103,1.0,-0.47657568048961496,1.0,0
3807,0.0,0.0,1.0,0.8823529411764705,0.8728813559322035,-0.2786336798472002,-0.30113120964977913,-0.36728925843770066,0.0,-0.9404780960203736,0.0,1
1965,0.0,0.0,1.0,0.8823529411764705,0.8983050847457628,-1.8304478582758112,-0.5905731876060354,-0.36728927026304103,0.0,-1.0687915301033493,0.0,1
7740,0.0,0.0,1.0,0.823529411764706,0.8220338983050848,1.0802680506962121,1.0751309066699692,-0.36728927026304103,2.0,0.3525265089696131,1.0,0
10975,0.0,0.0,0.6666666666666665,0.6470588235294118,0.6610169491525424,1.0802680506962121,1.0751309066699692,-0.36728927026304103,2.0,1.8725471896448647,2.0,0
13764,0.0,1.0,0.0,0.05882352941176472,0.06779661016949157,1.0802680506962121,1.0751309066699692,-0.36728927026304103,2.0,1.4481258307550215,2.0,0
11702,0.0,1.0,0.0,0.17647058823529405,0.1694915254237288,1.0802680506962121,1.0751309066699692,-0.36728927026304103,2.0,-0.16072722736229,2.0,0
14151,0.0,1.0,0.6666666666666665,0.5294117647058824,0.5169491525423728,-0.2786336798472002,-0.30113120964977913,-0.36728927026304103,2.0,1.7935850763630332,1.0,0
12242,0.0,1.0,0.0,0.17647058823529405,0.1694915254237288,1.0802680506962121,1.0751309066699692,-0.36728927026304103,1.0,-0.585148586252133,1.0,0
15147,0.0,0.0,0.0,0.05882352941176472,0.0423728813559322,1.0802680506962121,1.0751309066699692,-0.36728927026304103,2.0,0.3525265089696131,1.0,0
11982,0.0,0.0,0.6666666666666665,0.6470588235294118,0.6355932203389831,-1.8304478582758112,-0.5905731876060354,-0.36728927026304103,0.0,-0.9700888885010602,0.0,1
4760,0.0,0.0,0.6666666666666665,0.6470588235294118,0.6355932203389831,1.0802680506962121,1.0751309066699692,-0.36728927026304103,1.0,-0.7134620203351087,1.0,0
4148,1.0,0.0,0.0,0.05882352941176472,0.06779661016949157,-0.2786336798472002,-0.30113120964977913,3.0962711615379725,0.0,-0.9108673035396868,0.0,1
13899,0.0,0.0,0.6666666666666665,0.5294117647058824,0.5169491525423728,-0.2786336798472002,-0.30113120964977913,-0.36728927026304103,2.0,1.0533152643458654,2.0,0
5224,1.0,0.0,1.0,0.823529411764706,0.7966101694915255,-0.2786336798472002,-0.30113120964977913,-0.36728925843770066,0.0,-0.9404780960203736,0.0,1
13922,0.0,1.0,1.0,0.9999999999999999,0.9745762711864407,1.0802680506962121,1.0751309066699692,-0.36728927026304103,2.0,1.7639742838823467,2.0,0
7229,0.0,1.0,0.33333333333333326,0.4117647058823529,0.43220338983050854,-0.6707585407480239,-1.8221914897422595,-0.3641176152465552,1.0,-0.891126775219229,0.0,1
5747,0.0,0.0,0.0,0.11764705882352944,0.09322033898305082,-0.2786336798472002,-0.30113120964977913,-0.36728927026304103,0.0,-0.9503483601806024,0.0,1
3841,0.0,0.0,0.33333333333333326,0.2941176470588235,0.30508474576271194,-0.2786336798472002,-0.30113120964977913,-0.36728925843770066,0.0,-0.9404780960203736,0.0,1
15129,0.0,1.0,0.6666666666666665,0.7058823529411765,0.6864406779661016,1.0802680506962121,1.0751309066699692,-0.36728927026304103,2.0,0.9743531510640342,2.0,0
6645,0.0,1.0,0.0,0.23529411764705876,0.22033898305084743,1.0802680506962121,1.0751309066699692,-0.36728927026304103,2.0,1.2803313400311302,1.0,0
7303,1.0,0.0,0.0,0.17647058823529405,0.19491525423728817,-0.6707585407480239,-0.5905731876060354,3.0962711615379725,0.0,-0.9108673035396868,0.0,1
3873,0.0,0.0,1.0,0.823529411764706,0.8220338983050848,-0.2786336798472002,-0.30113120964977913,-0.36728927026304103,0.0,-0.9700888885010602,0.0,1
2227,1.0,0.0,0.6666666666666665,0.5294117647058824,0.5169491525423728,-1.8304478582758112,-0.5905731876060354,-0.36728927026304103,0.0,-1.0589212659431204,0.0,1
14571,0.0,1.0,1.0,0.823529411764706,0.847457627118644,-0.2786336798472002,-0.30113120964977913,-0.36728927026304103,2.0,-0.40748383136801264,1.0,0
14424,0.0,0.0,0.6666666666666665,0.5294117647058824,0.5169491525423728,-0.2786336798472002,-0.30113120964977913,-0.36728927026304103,2.0,1.408644774114106,2.0,0
5192,0.0,0.0,0.6666666666666665,0.5882352941176471,0.5847457627118644,-0.2786336798472002,-0.30113120964977913,-0.36728927026304103,2.0,-0.25942986896457904,2.0,0
14687,0.0,0.0,0.6666666666666665,0.5882352941176471,0.5847457627118644,-0.2786336798472002,-0.30113120964977913,-0.36728927026304103,2.0,1.1224071134674678,2.0,0
3100,0.0,0.0,0.6666666666666665,0.7647058823529412,0.7372881355932204,-1.8304478582758112,-0.5905731876060354,-0.36728927026304103,0.0,-1.0885320584238072,0.0,1
6482,0.0,0.0,0.0,0.17647058823529405,0.1694915254237288,1.0802680506962121,1.0751309066699692,-0.36728927026304103,2.0,1.2309800192299858,1.0,0
4174,1.0,0.0,0.33333333333333326,0.4117647058823529,0.4067796610169492,-0.2786336798472002,-0.30113120964977913,-0.36728925843770066,0.0,-0.9404780960203736,0.0,1
3919,0.0,0.0,1.0,0.9411764705882352,0.9491525423728813,-0.6707585407480239,-1.8221914897422595,-0.3641176152465552,0.0,-0.9306078318601446,0.0,1
10262,0.0,1.0,1.0,0.9999999999999999,0.9745762711864407,1.0802680506962121,1.0751309066699692,-0.36728927026304103,2.0,-0.3581325105668681,1.0,0
12192,0.0,0.0,1.0,0.8823529411764705,0.8983050847457628,1.0802680506962121,1.0751309066699692,-0.36728927026304103,2.0,0.05641858416274593,1.0,0
6442,1.0,0.0,1.0,0.823529411764706,0.7966101694915255,1.0802680506962121,1.0751309066699692,-0.36728927026304103,2.0,0.40187782977075764,1.0,0
13033,0.0,0.0,0.6666666666666665,0.5882352941176471,0.5847457627118644,-0.2786336798472002,-0.30113120964977913,-0.36728927026304103,2.0,0.9250018302628896,2.0,0
31825,0.0,1.0,0.0,0.0,0.0,-0.6707585407480239,-0.5905731876060354,-0.36728927026304103,2.0,0.45122915057190216,1.0,0
3943,1.0,0.0,0.6666666666666665,0.5294117647058824,0.5338983050847457,-0.6707585407480239,-1.8221914897422595,2.3913600842748473,0.0,-0.900997039379458,0.0,1
12373,0.0,1.0,0.6666666666666665,0.5882352941176471,0.5847457627118644,1.0802680506962121,1.0751309066699692,-0.36728927026304103,2.0,1.5468284723573107,1.0,0
14871,1.0,0.0,0.0,0.05882352941176472,0.0423728813559322,1.0802680506962121,1.0751309066699692,-0.36728927026304103,2.0,-0.11137590656114547,1.0,0
14388,0.0,1.0,0.6666666666666665,0.5882352941176471,0.6101694915254237,-0.2786336798472002,-0.30113120964977913,-0.36728927026304103,2.0,0.46109941473213106,1.0,0
2754,1.0,0.0,0.6666666666666665,0.5294117647058824,0.5338983050847457,-1.8304478582758112,-0.5905731876060354,-0.36728927026304103,0.0,-1.0687915301033493,0.0,1
10368,0.0,1.0,1.0,0.8823529411764705,0.8983050847457628,1.0802680506962121,1.0751309066699692,-0.36728927026304103,2.0,0.9743531510640342,2.0,0
13941,0.0,1.0,0.6666666666666665,0.6470588235294118,0.6355932203389831,-0.2786336798472002,-0.30113120964977913,-0.36728927026304103,2.0,1.3790339816334194,1.0,0
9555,0.0,0.0,0.6666666666666665,0.6470588235294118,0.6610169491525424,-0.2786336798472002,-0.30113120964977913,-0.36728927026304103,2.0,1.418515038274335,1.0,0
14260,0.0,0.0,0.0,0.11764705882352944,0.09322033898305082,-1.8304478582758112,-0.5905731876060354,-0.36728927026304103,2.0,1.0730557926663231,3.0,0
9929,0.0,0.0,0.6666666666666665,0.7647058823529412,0.7372881355932204,1.0802680506962121,1.0751309066699692,-0.36728927026304103,2.0,-0.03241379327931422,1.0,0
5177,0.0,1.0,0.33333333333333326,0.2941176470588235,0.30508474576271194,1.0802680506962121,1.0751309066699692,-0.36728927026304103,2.0,0.38213730145029984,1.0,0
4804,1.0,0.0,0.6666666666666665,0.5882352941176471,0.6101694915254237,-0.2786336798472002,-0.30113120964977913,-0.3641176152465552,0.0,-0.9306078318601446,0.0,1
11200,0.0,0.0,1.0,0.823529411764706,0.847457627118644,1.0802680506962121,1.0751309066699692,-0.36728927026304103,2.0,-0.3482622464066392,1.0,0
7229,0.0,1.0,0.6666666666666665,0.5882352941176471,0.5847457627118644,-0.6707585407480239,-1.8221914897422595,-0.3641176152465552,1.0,-0.891126775219229,0.0,1
4878,0.0,0.0,1.0,0.7647058823529412,0.7796610169491525,-0.6707585407480239,-1.8221914897422595,2.3913600842748473,0.0,-0.9207375676999158,0.0,1
10283,0.0,0.0,0.0,0.0,0.016949152542372947,1.0802680506962121,1.0751309066699692,-0.36728927026304103,2.0,2.8521709075475834,2.0,0
9899,0.0,1.0,1.0,0.8823529411764705,0.8728813559322035,-0.2786336798472002,-0.30113120964977913,-0.36728927026304103,2.0,-0.08176511408045875,1.0,0
13587,0.0,0.0,1.0,0.7647058823529412,0.7796610169491525,1.0802680506962121,1.0751309066699692,-0.36728927026304103,2.0,0.29330492400823965,1.0,0
4823,1.0,0.0,1.0,0.8823529411764705,0.8728813559322035,-0.6707585407480239,-1.8221914897422595,3.0962711615379725,0.0,-0.9108673035396868,0.0,1
3100,0.0,0.0,0.6666666666666665,0.7058823529411765,0.7118644067796611,-1.8304478582758112,-0.5905731876060354,-0.36728927026304103,0.0,-1.078661794263578,0.0,1
13014,0.0,1.0,1.0,0.7647058823529412,0.7796610169491525,1.0802680506962121,1.0751309066699692,-0.36728927026304103,2.0,0.9743531510640342,2.0,0
15129,0.0,1.0,0.6666666666666665,0.5882352941176471,0.5593220338983051,1.0802680506962121,1.0751309066699692,-0.36728927026304103,2.0,1.4678663590754795,2.0,0
7450,0.0,0.0,0.0,0.05882352941176472,0.06779661016949157,-0.6707585407480239,-0.5905731876060354,-0.3641176152465552,0.0,-0.9306078318601446,0.0,1
8505,0.0,0.0,0.33333333333333326,0.2941176470588235,0.2627118644067796,-0.2786336798472002,-0.30113120964977913,-0.36728927026304103,2.0,2.020601152048298,1.0,0
8052,0.0,0.0,0.33333333333333326,0.3529411764705882,0.3305084745762712,1.0802680506962121,1.0751309066699692,-0.36728927026304103,2.0,0.46109941473213106,2.0,0
4804,1.0,0.0,1.0,0.7647058823529412,0.7796610169491525,-0.2786336798472002,-0.30113120964977913,-0.36728925843770066,0.0,-0.9404780960203736,0.0,1
12242,0.0,1.0,0.0,0.17647058823529405,0.1694915254237288,1.0802680506962121,1.0751309066699692,-0.36728927026304103,1.0,-0.48644594464984386,1.0,0
7618,0.0,0.0,1.0,0.823529411764706,0.7966101694915255,1.0802680506962121,1.0751309066699692,-0.36728927026304103,2.0,0.41174809393098655,1.0,0
26890,0.0,1.0,0.0,0.0,0.0,-0.6707585407480239,-0.5905731876060354,-0.36728927026304103,2.0,0.10576990496389045,1.0,0
9314,0.0,1.0,0.6666666666666665,0.5294117647058824,0.5169491525423728,-0.2786336798472002,-0.30113120964977913,-0.36728927026304103,2.0,-0.11137590656114547,1.0,0
13727,0.0,0.0,0.6666666666666665,0.6470588235294118,0.6610169491525424,1.0802680506962121,1.0751309066699692,-0.36728927026304103,2.0,-0.12124617072137438,1.0,0
5797,0.0,0.0,1.0,0.9999999999999999,0.9745762711864407,1.0802680506962121,1.0751309066699692,-0.36728927026304103,2.0,-0.03241379327931422,1.0,0
7038,0.0,0.0,1.0,0.823529411764706,0.8220338983050848,1.0802680506962121,1.0751309066699692,-0.36728927026304103,2.0,-0.3482622464066392,1.0,0
16914,0.0,1.0,0.0,0.05882352941176472,0.0423728813559322,1.0802680506962121,1.0751309066699692,-0.36728927026304103,2.0,2.8521709075475834,2.0,0
14388,0.0,1.0,0.6666666666666665,0.5882352941176471,0.6101694915254237,-0.2786336798472002,-0.30113120964977913,-0.36728927026304103,2.0,0.33278598064915527,1.0,0
9134,0.0,1.0,0.0,0.11764705882352944,0.11864406779661019,-0.6707585407480239,-0.5905731876060354,-0.36728927026304103,2.0,-0.27917039728503684,1.0,0
9794,0.0,0.0,0.6666666666666665,0.6470588235294118,0.6610169491525424,1.0802680506962121,1.0751309066699692,-0.36728927026304103,1.0,-0.46670541632938606,1.0,0
10975,0.0,0.0,1.0,0.8823529411764705,0.8728813559322035,1.0802680506962121,1.0751309066699692,-0.36728927026304103,2.0,1.1618881701083834,2.0,0
4332,1.0,0.0,0.0,0.17647058823529405,0.14406779661016955,-1.8304478582758112,-0.5905731876060354,-0.36728927026304103,0.0,-0.9700888885010602,0.0,1
4823,1.0,0.0,0.6666666666666665,0.7647058823529412,0.7372881355932204,-0.6707585407480239,-1.8221914897422595,2.3913600842748473,0.0,-0.900997039379458,0.0,1
19360,0.0,0.0,0.6666666666666665,0.6470588235294118,0.6610169491525424,1.0802680506962121,1.0751309066699692,-0.36728927026304103,2.0,-0.3383919822464103,2.0,0
10031,0.0,1.0,0.0,0.17647058823529405,0.19491525423728817,-0.2786336798472002,-0.30113120964977913,-0.36728927026304103,2.0,0.5301912638537334,1.0,0
15419,0.0,0.0,1.0,0.8823529411764705,0.8728813559322035,1.0802680506962121,1.0751309066699692,-0.36728927026304103,2.0,0.40187782977075764,3.0,0
14571,0.0,1.0,0.6666666666666665,0.7058823529411765,0.7118644067796611,-0.2786336798472002,-0.30113120964977913,-0.36728927026304103,2.0,-0.12124617072137438,1.0,0
3384,1.0,0.0,0.0,0.17647058823529405,0.1694915254237288,-1.8304478582758112,-0.5905731876060354,-0.36728927026304103,0.0,-0.9799591526612892,0.0,1
6442,1.0,0.0,0.6666666666666665,0.6470588235294118,0.6355932203389831,1.0802680506962121,1.0751309066699692,-0.36728927026304103,2.0,0.0070672633616014,1.0,0
7408,0.0,0.0,1.0,0.9999999999999999,0.9745762711864407,1.0802680506962121,1.0751309066699692,-0.36728927026304103,2.0,-0.29891092560549465,1.0,0
3100,0.0,0.0,0.6666666666666665,0.7058823529411765,0.6864406779661016,-1.8304478582758112,-0.5905731876060354,-0.36728927026304103,0.0,-1.098402322584036,0.0,1
9187,0.0,0.0,1.0,0.823529411764706,0.8220338983050848,-0.2786336798472002,-0.30113120964977913,-0.36728927026304103,2.0,0.8559099811412872,1.0,0
8018,0.0,0.0,0.6666666666666665,0.5882352941176471,0.5847457627118644,1.0802680506962121,1.0751309066699692,-0.36728927026304103,2.0,-0.1705974915225189,1.0,0
4544,0.0,1.0,0.33333333333333326,0.47058823529411764,0.4576271186440678,-0.6707585407480239,-1.8221914897422595,-0.3641176152465552,1.0,-0.891126775219229,0.0,1
10413,0.0,0.0,0.6666666666666665,0.7058823529411765,0.7118644067796611,-0.2786336798472002,-0.30113120964977913,-0.36728927026304103,2.0,0.34265624480938417,1.0,0
3858,1.0,0.0,1.0,0.8823529411764705,0.8728813559322035,-1.8304478582758112,-0.5905731876060354,-0.36728927026304103,0.0,-0.9602186243408314,0.0,1
12032,0.0,1.0,0.0,0.23529411764705876,0.22033898305084743,1.0802680506962121,1.0751309066699692,-0.36728927026304103,2.0,-0.08176511408045875,1.0,0
10661,0.0,1.0,0.0,0.17647058823529405,0.19491525423728817,-0.2786336798472002,-0.30113120964977913,-0.36728927026304103,2.0,0.5104507355332756,1.0,0
5281,0.0,0.0,1.0,0.9999999999999999,0.9745762711864407,1.0802680506962121,1.0751309066699692,-0.36728927026304103,1.0,-0.5456675296112173,1.0,0
